season,column,row_count,non_null_count,missing_count,missing_rate,empty_string_count
2017-18,Div,306,306,0,0.000000,0
2017-18,Date,306,306,0,0.000000,0
2017-18,HomeTeam,306,306,0,0.000000,0
2017-18,AwayTeam,306,306,0,0.000000,0
2017-18,FTHG,306,306,0,0.000000,0
2017-18,FTAG,306,306,0,0.000000,0
2017-18,FTR,306,306,0,0.000000,0
2017-18,HTHG,306,306,0,0.000000,0
2017-18,HTAG,306,306,0,0.000000,0
2017-18,HTR,306,306,0,0.000000,0
2017-18,HS,306,306,0,0.000000,0
2017-18,AS,306,306,0,0.000000,0
2017-18,HST,306,306,0,0.000000,0
2017-18,AST,306,306,0,0.000000,0
2017-18,HF,306,306,0,0.000000,0
2017-18,AF,306,306,0,0.000000,0
2017-18,HC,306,306,0,0.000000,0
2017-18,AC,306,306,0,0.000000,0
2017-18,HY,306,306,0,0.000000,0
2017-18,AY,306,306,0,0.000000,0
2017-18,HR,306,306,0,0.000000,0
2017-18,AR,306,306,0,0.000000,0
2017-18,B365H,306,303,3,0.009804,0
2017-18,B365D,306,303,3,0.009804,0
2017-18,B365A,306,303,3,0.009804,0
2017-18,BWH,306,305,1,0.003268,0
2017-18,BWD,306,305,1,0.003268,0
2017-18,BWA,306,305,1,0.003268,0
2017-18,IWH,306,296,10,0.032680,0
2017-18,IWD,306,296,10,0.032680,0
2017-18,IWA,306,296,10,0.032680,0
2017-18,LBH,306,298,8,0.026144,0
2017-18,LBD,306,298,8,0.026144,0
2017-18,LBA,306,298,8,0.026144,0
2017-18,PSH,306,295,11,0.035948,0
2017-18,PSD,306,295,11,0.035948,0
2017-18,PSA,306,295,11,0.035948,0
2017-18,WHH,306,302,4,0.013072,0
2017-18,WHD,306,302,4,0.013072,0
2017-18,WHA,306,302,4,0.013072,0
2017-18,VCH,306,304,2,0.006536,0
2017-18,VCD,306,304,2,0.006536,0
2017-18,VCA,306,304,2,0.006536,0
2017-18,Bb1X2,306,306,0,0.000000,0
2017-18,BbMxH,306,306,0,0.000000,0
2017-18,BbAvH,306,306,0,0.000000,0
2017-18,BbMxD,306,306,0,0.000000,0
2017-18,BbAvD,306,306,0,0.000000,0
2017-18,BbMxA,306,306,0,0.000000,0
2017-18,BbAvA,306,306,0,0.000000,0
2017-18,BbOU,306,306,0,0.000000,0
2017-18,BbMx>2.5,306,306,0,0.000000,0
2017-18,BbAv>2.5,306,306,0,0.000000,0
2017-18,BbMx<2.5,306,306,0,0.000000,0
2017-18,BbAv<2.5,306,306,0,0.000000,0
2017-18,BbAH,306,306,0,0.000000,0
2017-18,BbAHh,306,306,0,0.000000,0
2017-18,BbMxAHH,306,306,0,0.000000,0
2017-18,BbAvAHH,306,306,0,0.000000,0
2017-18,BbMxAHA,306,306,0,0.000000,0
2017-18,BbAvAHA,306,306,0,0.000000,0
2017-18,PSCH,306,303,3,0.009804,0
2017-18,PSCD,306,303,3,0.009804,0
2017-18,PSCA,306,303,3,0.009804,0
2018-19,Div,306,306,0,0.000000,0
2018-19,Date,306,306,0,0.000000,0
2018-19,HomeTeam,306,306,0,0.000000,0
2018-19,AwayTeam,306,306,0,0.000000,0
2018-19,FTHG,306,306,0,0.000000,0
2018-19,FTAG,306,306,0,0.000000,0
2018-19,FTR,306,306,0,0.000000,0
2018-19,HTHG,306,306,0,0.000000,0
2018-19,HTAG,306,306,0,0.000000,0
2018-19,HTR,306,306,0,0.000000,0
2018-19,HS,306,306,0,0.000000,0
2018-19,AS,306,306,0,0.000000,0
2018-19,HST,306,306,0,0.000000,0
2018-19,AST,306,306,0,0.000000,0
2018-19,HF,306,306,0,0.000000,0
2018-19,AF,306,306,0,0.000000,0
2018-19,HC,306,306,0,0.000000,0
2018-19,AC,306,306,0,0.000000,0
2018-19,HY,306,306,0,0.000000,0
2018-19,AY,306,306,0,0.000000,0
2018-19,HR,306,306,0,0.000000,0
2018-19,AR,306,305,1,0.003268,0
2018-19,B365H,306,306,0,0.000000,0
2018-19,B365D,306,306,0,0.000000,0
2018-19,B365A,306,306,0,0.000000,0
2018-19,BWH,306,305,1,0.003268,0
2018-19,BWD,306,305,1,0.003268,0
2018-19,BWA,306,305,1,0.003268,0
2018-19,IWH,306,305,1,0.003268,0
2018-19,IWD,306,305,1,0.003268,0
2018-19,IWA,306,305,1,0.003268,0
2018-19,PSH,306,306,0,0.000000,0
2018-19,PSD,306,306,0,0.000000,0
2018-19,PSA,306,306,0,0.000000,0
2018-19,WHH,306,303,3,0.009804,0
2018-19,WHD,306,303,3,0.009804,0
2018-19,WHA,306,303,3,0.009804,0
2018-19,VCH,306,306,0,0.000000,0
2018-19,VCD,306,306,0,0.000000,0
2018-19,VCA,306,306,0,0.000000,0
2018-19,Bb1X2,306,306,0,0.000000,0
2018-19,BbMxH,306,306,0,0.000000,0
2018-19,BbAvH,306,306,0,0.000000,0
2018-19,BbMxD,306,306,0,0.000000,0
2018-19,BbAvD,306,306,0,0.000000,0
2018-19,BbMxA,306,306,0,0.000000,0
2018-19,BbAvA,306,306,0,0.000000,0
2018-19,BbOU,306,306,0,0.000000,0
2018-19,BbMx>2.5,306,306,0,0.000000,0
2018-19,BbAv>2.5,306,306,0,0.000000,0
2018-19,BbMx<2.5,306,306,0,0.000000,0
2018-19,BbAv<2.5,306,306,0,0.000000,0
2018-19,BbAH,306,306,0,0.000000,0
2018-19,BbAHh,306,306,0,0.000000,0
2018-19,BbMxAHH,306,306,0,0.000000,0
2018-19,BbAvAHH,306,306,0,0.000000,0
2018-19,BbMxAHA,306,306,0,0.000000,0
2018-19,BbAvAHA,306,306,0,0.000000,0
2018-19,PSCH,306,306,0,0.000000,0
2018-19,PSCD,306,306,0,0.000000,0
2018-19,PSCA,306,306,0,0.000000,0
2019-20,Div,306,306,0,0.000000,0
2019-20,Date,306,306,0,0.000000,0
2019-20,Time,306,306,0,0.000000,0
2019-20,HomeTeam,306,306,0,0.000000,0
2019-20,AwayTeam,306,306,0,0.000000,0
2019-20,FTHG,306,306,0,0.000000,0
2019-20,FTAG,306,306,0,0.000000,0
2019-20,FTR,306,306,0,0.000000,0
2019-20,HTHG,306,306,0,0.000000,0
2019-20,HTAG,306,306,0,0.000000,0
2019-20,HTR,306,306,0,0.000000,0
2019-20,HS,306,306,0,0.000000,0
2019-20,AS,306,306,0,0.000000,0
2019-20,HST,306,306,0,0.000000,0
2019-20,AST,306,306,0,0.000000,0
2019-20,HF,306,306,0,0.000000,0
2019-20,AF,306,306,0,0.000000,0
2019-20,HC,306,306,0,0.000000,0
2019-20,AC,306,306,0,0.000000,0
2019-20,HY,306,306,0,0.000000,0
2019-20,AY,306,306,0,0.000000,0
2019-20,HR,306,306,0,0.000000,0
2019-20,AR,306,306,0,0.000000,0
2019-20,B365H,306,306,0,0.000000,0
2019-20,B365D,306,306,0,0.000000,0
2019-20,B365A,306,306,0,0.000000,0
2019-20,BWH,306,306,0,0.000000,0
2019-20,BWD,306,306,0,0.000000,0
2019-20,BWA,306,306,0,0.000000,0
2019-20,IWH,306,306,0,0.000000,0
2019-20,IWD,306,306,0,0.000000,0
2019-20,IWA,306,306,0,0.000000,0
2019-20,PSH,306,302,4,0.013072,0
2019-20,PSD,306,302,4,0.013072,0
2019-20,PSA,306,302,4,0.013072,0
2019-20,WHH,306,306,0,0.000000,0
2019-20,WHD,306,306,0,0.000000,0
2019-20,WHA,306,306,0,0.000000,0
2019-20,VCH,306,305,1,0.003268,0
2019-20,VCD,306,305,1,0.003268,0
2019-20,VCA,306,305,1,0.003268,0
2019-20,MaxH,306,306,0,0.000000,0
2019-20,MaxD,306,306,0,0.000000,0
2019-20,MaxA,306,306,0,0.000000,0
2019-20,AvgH,306,306,0,0.000000,0
2019-20,AvgD,306,306,0,0.000000,0
2019-20,AvgA,306,306,0,0.000000,0
2019-20,B365>2.5,306,306,0,0.000000,0
2019-20,B365<2.5,306,306,0,0.000000,0
2019-20,P>2.5,306,302,4,0.013072,0
2019-20,P<2.5,306,302,4,0.013072,0
2019-20,Max>2.5,306,306,0,0.000000,0
2019-20,Max<2.5,306,306,0,0.000000,0
2019-20,Avg>2.5,306,306,0,0.000000,0
2019-20,Avg<2.5,306,306,0,0.000000,0
2019-20,AHh,306,306,0,0.000000,0
2019-20,B365AHH,306,302,4,0.013072,0
2019-20,B365AHA,306,302,4,0.013072,0
2019-20,PAHH,306,302,4,0.013072,0
2019-20,PAHA,306,302,4,0.013072,0
2019-20,MaxAHH,306,306,0,0.000000,0
2019-20,MaxAHA,306,306,0,0.000000,0
2019-20,AvgAHH,306,306,0,0.000000,0
2019-20,AvgAHA,306,306,0,0.000000,0
2019-20,B365CH,306,306,0,0.000000,0
2019-20,B365CD,306,306,0,0.000000,0
2019-20,B365CA,306,306,0,0.000000,0
2019-20,BWCH,306,306,0,0.000000,0
2019-20,BWCD,306,306,0,0.000000,0
2019-20,BWCA,306,306,0,0.000000,0
2019-20,IWCH,306,306,0,0.000000,0
2019-20,IWCD,306,306,0,0.000000,0
2019-20,IWCA,306,306,0,0.000000,0
2019-20,PSCH,306,306,0,0.000000,0
2019-20,PSCD,306,306,0,0.000000,0
2019-20,PSCA,306,306,0,0.000000,0
2019-20,WHCH,306,306,0,0.000000,0
2019-20,WHCD,306,306,0,0.000000,0
2019-20,WHCA,306,306,0,0.000000,0
2019-20,VCCH,306,306,0,0.000000,0
2019-20,VCCD,306,306,0,0.000000,0
2019-20,VCCA,306,306,0,0.000000,0
2019-20,MaxCH,306,306,0,0.000000,0
2019-20,MaxCD,306,306,0,0.000000,0
2019-20,MaxCA,306,306,0,0.000000,0
2019-20,AvgCH,306,306,0,0.000000,0
2019-20,AvgCD,306,306,0,0.000000,0
2019-20,AvgCA,306,306,0,0.000000,0
2019-20,B365C>2.5,306,306,0,0.000000,0
2019-20,B365C<2.5,306,306,0,0.000000,0
2019-20,PC>2.5,306,306,0,0.000000,0
2019-20,PC<2.5,306,306,0,0.000000,0
2019-20,MaxC>2.5,306,306,0,0.000000,0
2019-20,MaxC<2.5,306,306,0,0.000000,0
2019-20,AvgC>2.5,306,306,0,0.000000,0
2019-20,AvgC<2.5,306,306,0,0.000000,0
2019-20,AHCh,306,306,0,0.000000,0
2019-20,B365CAHH,306,305,1,0.003268,0
2019-20,B365CAHA,306,305,1,0.003268,0
2019-20,PCAHH,306,306,0,0.000000,0
2019-20,PCAHA,306,306,0,0.000000,0
2019-20,MaxCAHH,306,306,0,0.000000,0
2019-20,MaxCAHA,306,306,0,0.000000,0
2019-20,AvgCAHH,306,306,0,0.000000,0
2019-20,AvgCAHA,306,306,0,0.000000,0
2020-21,Div,420,420,0,0.000000,0
2020-21,Date,420,420,0,0.000000,0
2020-21,Time,420,420,0,0.000000,0
2020-21,HomeTeam,420,420,0,0.000000,0
2020-21,AwayTeam,420,420,0,0.000000,0
2020-21,FTHG,420,420,0,0.000000,0
2020-21,FTAG,420,420,0,0.000000,0
2020-21,FTR,420,420,0,0.000000,0
2020-21,HTHG,420,420,0,0.000000,0
2020-21,HTAG,420,420,0,0.000000,0
2020-21,HTR,420,420,0,0.000000,0
2020-21,HS,420,420,0,0.000000,0
2020-21,AS,420,420,0,0.000000,0
2020-21,HST,420,420,0,0.000000,0
2020-21,AST,420,420,0,0.000000,0
2020-21,HF,420,420,0,0.000000,0
2020-21,AF,420,420,0,0.000000,0
2020-21,HC,420,420,0,0.000000,0
2020-21,AC,420,420,0,0.000000,0
2020-21,HY,420,420,0,0.000000,0
2020-21,AY,420,420,0,0.000000,0
2020-21,HR,420,420,0,0.000000,0
2020-21,AR,420,420,0,0.000000,0
2020-21,B365H,420,415,5,0.011905,0
2020-21,B365D,420,415,5,0.011905,0
2020-21,B365A,420,415,5,0.011905,0
2020-21,BWH,420,417,3,0.007143,0
2020-21,BWD,420,417,3,0.007143,0
2020-21,BWA,420,417,3,0.007143,0
2020-21,IWH,420,418,2,0.004762,0
2020-21,IWD,420,418,2,0.004762,0
2020-21,IWA,420,418,2,0.004762,0
2020-21,PSH,420,420,0,0.000000,0
2020-21,PSD,420,420,0,0.000000,0
2020-21,PSA,420,420,0,0.000000,0
2020-21,WHH,420,419,1,0.002381,0
2020-21,WHD,420,419,1,0.002381,0
2020-21,WHA,420,419,1,0.002381,0
2020-21,VCH,420,419,1,0.002381,0
2020-21,VCD,420,419,1,0.002381,0
2020-21,VCA,420,419,1,0.002381,0
2020-21,MaxH,420,420,0,0.000000,0
2020-21,MaxD,420,420,0,0.000000,0
2020-21,MaxA,420,420,0,0.000000,0
2020-21,AvgH,420,420,0,0.000000,0
2020-21,AvgD,420,420,0,0.000000,0
2020-21,AvgA,420,420,0,0.000000,0
2020-21,B365>2.5,420,417,3,0.007143,0
2020-21,B365<2.5,420,417,3,0.007143,0
2020-21,P>2.5,420,420,0,0.000000,0
2020-21,P<2.5,420,420,0,0.000000,0
2020-21,Max>2.5,420,420,0,0.000000,0
2020-21,Max<2.5,420,420,0,0.000000,0
2020-21,Avg>2.5,420,420,0,0.000000,0
2020-21,Avg<2.5,420,420,0,0.000000,0
2020-21,AHh,420,420,0,0.000000,0
2020-21,B365AHH,420,416,4,0.009524,0
2020-21,B365AHA,420,416,4,0.009524,0
2020-21,PAHH,420,420,0,0.000000,0
2020-21,PAHA,420,420,0,0.000000,0
2020-21,MaxAHH,420,420,0,0.000000,0
2020-21,MaxAHA,420,420,0,0.000000,0
2020-21,AvgAHH,420,420,0,0.000000,0
2020-21,AvgAHA,420,420,0,0.000000,0
2020-21,B365CH,420,420,0,0.000000,0
2020-21,B365CD,420,420,0,0.000000,0
2020-21,B365CA,420,420,0,0.000000,0
2020-21,BWCH,420,420,0,0.000000,0
2020-21,BWCD,420,420,0,0.000000,0
2020-21,BWCA,420,420,0,0.000000,0
2020-21,IWCH,420,420,0,0.000000,0
2020-21,IWCD,420,420,0,0.000000,0
2020-21,IWCA,420,420,0,0.000000,0
2020-21,PSCH,420,420,0,0.000000,0
2020-21,PSCD,420,420,0,0.000000,0
2020-21,PSCA,420,420,0,0.000000,0
2020-21,WHCH,420,420,0,0.000000,0
2020-21,WHCD,420,420,0,0.000000,0
2020-21,WHCA,420,420,0,0.000000,0
2020-21,VCCH,420,420,0,0.000000,0
2020-21,VCCD,420,420,0,0.000000,0
2020-21,VCCA,420,420,0,0.000000,0
2020-21,MaxCH,420,420,0,0.000000,0
2020-21,MaxCD,420,420,0,0.000000,0
2020-21,MaxCA,420,420,0,0.000000,0
2020-21,AvgCH,420,420,0,0.000000,0
2020-21,AvgCD,420,420,0,0.000000,0
2020-21,AvgCA,420,420,0,0.000000,0
2020-21,B365C>2.5,420,420,0,0.000000,0
2020-21,B365C<2.5,420,420,0,0.000000,0
2020-21,PC>2.5,420,420,0,0.000000,0
2020-21,PC<2.5,420,420,0,0.000000,0
2020-21,MaxC>2.5,420,420,0,0.000000,0
2020-21,MaxC<2.5,420,420,0,0.000000,0
2020-21,AvgC>2.5,420,420,0,0.000000,0
2020-21,AvgC<2.5,420,420,0,0.000000,0
2020-21,AHCh,420,420,0,0.000000,0
2020-21,B365CAHH,420,419,1,0.002381,0
2020-21,B365CAHA,420,419,1,0.002381,0
2020-21,PCAHH,420,420,0,0.000000,0
2020-21,PCAHA,420,420,0,0.000000,0
2020-21,MaxCAHH,420,420,0,0.000000,0
2020-21,MaxCAHA,420,420,0,0.000000,0
2020-21,AvgCAHH,420,420,0,0.000000,0
2020-21,AvgCAHA,420,420,0,0.000000,0
2021-22,Div,380,380,0,0.000000,0
2021-22,Date,380,380,0,0.000000,0
2021-22,Time,380,380,0,0.000000,0
2021-22,HomeTeam,380,380,0,0.000000,0
2021-22,AwayTeam,380,380,0,0.000000,0
2021-22,FTHG,380,380,0,0.000000,0
2021-22,FTAG,380,380,0,0.000000,0
2021-22,FTR,380,380,0,0.000000,0
2021-22,HTHG,380,380,0,0.000000,0
2021-22,HTAG,380,380,0,0.000000,0
2021-22,HTR,380,380,0,0.000000,0
2021-22,HS,380,380,0,0.000000,0
2021-22,AS,380,380,0,0.000000,0
2021-22,HST,380,380,0,0.000000,0
2021-22,AST,380,380,0,0.000000,0
2021-22,HF,380,380,0,0.000000,0
2021-22,AF,380,380,0,0.000000,0
2021-22,HC,380,380,0,0.000000,0
2021-22,AC,380,380,0,0.000000,0
2021-22,HY,380,380,0,0.000000,0
2021-22,AY,380,380,0,0.000000,0
2021-22,HR,380,380,0,0.000000,0
2021-22,AR,380,380,0,0.000000,0
2021-22,B365H,380,380,0,0.000000,0
2021-22,B365D,380,380,0,0.000000,0
2021-22,B365A,380,380,0,0.000000,0
2021-22,BWH,380,377,3,0.007895,0
2021-22,BWD,380,377,3,0.007895,0
2021-22,BWA,380,377,3,0.007895,0
2021-22,IWH,380,377,3,0.007895,0
2021-22,IWD,380,377,3,0.007895,0
2021-22,IWA,380,377,3,0.007895,0
2021-22,PSH,380,380,0,0.000000,0
2021-22,PSD,380,380,0,0.000000,0
2021-22,PSA,380,380,0,0.000000,0
2021-22,WHH,380,380,0,0.000000,0
2021-22,WHD,380,380,0,0.000000,0
2021-22,WHA,380,380,0,0.000000,0
2021-22,VCH,380,373,7,0.018421,0
2021-22,VCD,380,373,7,0.018421,0
2021-22,VCA,380,373,7,0.018421,0
2021-22,MaxH,380,380,0,0.000000,0
2021-22,MaxD,380,380,0,0.000000,0
2021-22,MaxA,380,380,0,0.000000,0
2021-22,AvgH,380,380,0,0.000000,0
2021-22,AvgD,380,380,0,0.000000,0
2021-22,AvgA,380,380,0,0.000000,0
2021-22,B365>2.5,380,380,0,0.000000,0
2021-22,B365<2.5,380,380,0,0.000000,0
2021-22,P>2.5,380,380,0,0.000000,0
2021-22,P<2.5,380,380,0,0.000000,0
2021-22,Max>2.5,380,380,0,0.000000,0
2021-22,Max<2.5,380,380,0,0.000000,0
2021-22,Avg>2.5,380,380,0,0.000000,0
2021-22,Avg<2.5,380,380,0,0.000000,0
2021-22,AHh,380,380,0,0.000000,0
2021-22,B365AHH,380,380,0,0.000000,0
2021-22,B365AHA,380,380,0,0.000000,0
2021-22,PAHH,380,380,0,0.000000,0
2021-22,PAHA,380,380,0,0.000000,0
2021-22,MaxAHH,380,380,0,0.000000,0
2021-22,MaxAHA,380,380,0,0.000000,0
2021-22,AvgAHH,380,380,0,0.000000,0
2021-22,AvgAHA,380,380,0,0.000000,0
2021-22,B365CH,380,380,0,0.000000,0
2021-22,B365CD,380,380,0,0.000000,0
2021-22,B365CA,380,380,0,0.000000,0
2021-22,BWCH,380,378,2,0.005263,0
2021-22,BWCD,380,378,2,0.005263,0
2021-22,BWCA,380,378,2,0.005263,0
2021-22,IWCH,380,376,4,0.010526,0
2021-22,IWCD,380,376,4,0.010526,0
2021-22,IWCA,380,376,4,0.010526,0
2021-22,PSCH,380,379,1,0.002632,0
2021-22,PSCD,380,379,1,0.002632,0
2021-22,PSCA,380,379,1,0.002632,0
2021-22,WHCH,380,380,0,0.000000,0
2021-22,WHCD,380,380,0,0.000000,0
2021-22,WHCA,380,380,0,0.000000,0
2021-22,VCCH,380,377,3,0.007895,0
2021-22,VCCD,380,377,3,0.007895,0
2021-22,VCCA,380,377,3,0.007895,0
2021-22,MaxCH,380,380,0,0.000000,0
2021-22,MaxCD,380,380,0,0.000000,0
2021-22,MaxCA,380,380,0,0.000000,0
2021-22,AvgCH,380,380,0,0.000000,0
2021-22,AvgCD,380,380,0,0.000000,0
2021-22,AvgCA,380,380,0,0.000000,0
2021-22,B365C>2.5,380,380,0,0.000000,0
2021-22,B365C<2.5,380,380,0,0.000000,0
2021-22,PC>2.5,380,379,1,0.002632,0
2021-22,PC<2.5,380,379,1,0.002632,0
2021-22,MaxC>2.5,380,380,0,0.000000,0
2021-22,MaxC<2.5,380,380,0,0.000000,0
2021-22,AvgC>2.5,380,380,0,0.000000,0
2021-22,AvgC<2.5,380,380,0,0.000000,0
2021-22,AHCh,380,380,0,0.000000,0
2021-22,B365CAHH,380,380,0,0.000000,0
2021-22,B365CAHA,380,380,0,0.000000,0
2021-22,PCAHH,380,379,1,0.002632,0
2021-22,PCAHA,380,379,1,0.002632,0
2021-22,MaxCAHH,380,380,0,0.000000,0
2021-22,MaxCAHA,380,380,0,0.000000,0
2021-22,AvgCAHH,380,380,0,0.000000,0
2021-22,AvgCAHA,380,380,0,0.000000,0
2022-23,Div,342,342,0,0.000000,0
2022-23,Date,342,342,0,0.000000,0
2022-23,Time,342,342,0,0.000000,0
2022-23,HomeTeam,342,342,0,0.000000,0
2022-23,AwayTeam,342,342,0,0.000000,0
2022-23,FTHG,342,342,0,0.000000,0
2022-23,FTAG,342,342,0,0.000000,0
2022-23,FTR,342,342,0,0.000000,0
2022-23,HTHG,342,313,29,0.084795,0
2022-23,HTAG,342,313,29,0.084795,0
2022-23,HTR,342,313,29,0.084795,0
2022-23,HS,342,313,29,0.084795,0
2022-23,AS,342,313,29,0.084795,0
2022-23,HST,342,313,29,0.084795,0
2022-23,AST,342,313,29,0.084795,0
2022-23,HF,342,313,29,0.084795,0
2022-23,AF,342,313,29,0.084795,0
2022-23,HC,342,313,29,0.084795,0
2022-23,AC,342,313,29,0.084795,0
2022-23,HY,342,313,29,0.084795,0
2022-23,AY,342,313,29,0.084795,0
2022-23,HR,342,313,29,0.084795,0
2022-23,AR,342,313,29,0.084795,0
2022-23,B365H,342,309,33,0.096491,0
2022-23,B365D,342,309,33,0.096491,0
2022-23,B365A,342,309,33,0.096491,0
2022-23,BWH,342,313,29,0.084795,0
2022-23,BWD,342,313,29,0.084795,0
2022-23,BWA,342,313,29,0.084795,0
2022-23,IWH,342,312,30,0.087719,0
2022-23,IWD,342,312,30,0.087719,0
2022-23,IWA,342,312,30,0.087719,0
2022-23,PSH,342,313,29,0.084795,0
2022-23,PSD,342,313,29,0.084795,0
2022-23,PSA,342,313,29,0.084795,0
2022-23,WHH,342,313,29,0.084795,0
2022-23,WHD,342,313,29,0.084795,0
2022-23,WHA,342,313,29,0.084795,0
2022-23,VCH,342,304,38,0.111111,0
2022-23,VCD,342,304,38,0.111111,0
2022-23,VCA,342,304,38,0.111111,0
2022-23,MaxH,342,313,29,0.084795,0
2022-23,MaxD,342,313,29,0.084795,0
2022-23,MaxA,342,313,29,0.084795,0
2022-23,AvgH,342,313,29,0.084795,0
2022-23,AvgD,342,313,29,0.084795,0
2022-23,AvgA,342,313,29,0.084795,0
2022-23,B365>2.5,342,309,33,0.096491,0
2022-23,B365<2.5,342,309,33,0.096491,0
2022-23,P>2.5,342,313,29,0.084795,0
2022-23,P<2.5,342,313,29,0.084795,0
2022-23,Max>2.5,342,313,29,0.084795,0
2022-23,Max<2.5,342,313,29,0.084795,0
2022-23,Avg>2.5,342,313,29,0.084795,0
2022-23,Avg<2.5,342,313,29,0.084795,0
2022-23,AHh,342,313,29,0.084795,0
2022-23,B365AHH,342,306,36,0.105263,0
2022-23,B365AHA,342,306,36,0.105263,0
2022-23,PAHH,342,313,29,0.084795,0
2022-23,PAHA,342,313,29,0.084795,0
2022-23,MaxAHH,342,313,29,0.084795,0
2022-23,MaxAHA,342,313,29,0.084795,0
2022-23,AvgAHH,342,313,29,0.084795,0
2022-23,AvgAHA,342,313,29,0.084795,0
2022-23,B365CH,342,313,29,0.084795,0
2022-23,B365CD,342,313,29,0.084795,0
2022-23,B365CA,342,313,29,0.084795,0
2022-23,BWCH,342,313,29,0.084795,0
2022-23,BWCD,342,313,29,0.084795,0
2022-23,BWCA,342,313,29,0.084795,0
2022-23,IWCH,342,313,29,0.084795,0
2022-23,IWCD,342,313,29,0.084795,0
2022-23,IWCA,342,313,29,0.084795,0
2022-23,PSCH,342,313,29,0.084795,0
2022-23,PSCD,342,313,29,0.084795,0
2022-23,PSCA,342,313,29,0.084795,0
2022-23,WHCH,342,313,29,0.084795,0
2022-23,WHCD,342,313,29,0.084795,0
2022-23,WHCA,342,313,29,0.084795,0
2022-23,VCCH,342,313,29,0.084795,0
2022-23,VCCD,342,313,29,0.084795,0
2022-23,VCCA,342,313,29,0.084795,0
2022-23,MaxCH,342,313,29,0.084795,0
2022-23,MaxCD,342,313,29,0.084795,0
2022-23,MaxCA,342,313,29,0.084795,0
2022-23,AvgCH,342,313,29,0.084795,0
2022-23,AvgCD,342,313,29,0.084795,0
2022-23,AvgCA,342,313,29,0.084795,0
2022-23,B365C>2.5,342,313,29,0.084795,0
2022-23,B365C<2.5,342,313,29,0.084795,0
2022-23,PC>2.5,342,313,29,0.084795,0
2022-23,PC<2.5,342,313,29,0.084795,0
2022-23,MaxC>2.5,342,313,29,0.084795,0
2022-23,MaxC<2.5,342,313,29,0.084795,0
2022-23,AvgC>2.5,342,313,29,0.084795,0
2022-23,AvgC<2.5,342,313,29,0.084795,0
2022-23,AHCh,342,313,29,0.084795,0
2022-23,B365CAHH,342,313,29,0.084795,0
2022-23,B365CAHA,342,313,29,0.084795,0
2022-23,PCAHH,342,313,29,0.084795,0
2022-23,PCAHA,342,313,29,0.084795,0
2022-23,MaxCAHH,342,313,29,0.084795,0
2022-23,MaxCAHA,342,313,29,0.084795,0
2022-23,AvgCAHH,342,313,29,0.084795,0
2022-23,AvgCAHA,342,313,29,0.084795,0
2023-24,Div,380,380,0,0.000000,0
2023-24,Date,380,380,0,0.000000,0
2023-24,Time,380,380,0,0.000000,0
2023-24,HomeTeam,380,380,0,0.000000,0
2023-24,AwayTeam,380,380,0,0.000000,0
2023-24,FTHG,380,380,0,0.000000,0
2023-24,FTAG,380,380,0,0.000000,0
2023-24,FTR,380,380,0,0.000000,0
2023-24,HTHG,380,379,1,0.002632,0
2023-24,HTAG,380,379,1,0.002632,0
2023-24,HTR,380,379,1,0.002632,0
2023-24,HS,380,379,1,0.002632,0
2023-24,AS,380,379,1,0.002632,0
2023-24,HST,380,379,1,0.002632,0
2023-24,AST,380,379,1,0.002632,0
2023-24,HF,380,379,1,0.002632,0
2023-24,AF,380,379,1,0.002632,0
2023-24,HC,380,379,1,0.002632,0
2023-24,AC,380,379,1,0.002632,0
2023-24,HY,380,379,1,0.002632,0
2023-24,AY,380,379,1,0.002632,0
2023-24,HR,380,379,1,0.002632,0
2023-24,AR,380,379,1,0.002632,0
2023-24,B365H,380,379,1,0.002632,0
2023-24,B365D,380,379,1,0.002632,0
2023-24,B365A,380,379,1,0.002632,0
2023-24,BWH,380,372,8,0.021053,0
2023-24,BWD,380,372,8,0.021053,0
2023-24,BWA,380,372,8,0.021053,0
2023-24,IWH,380,169,211,0.555263,0
2023-24,IWD,380,169,211,0.555263,0
2023-24,IWA,380,169,211,0.555263,0
2023-24,PSH,380,379,1,0.002632,0
2023-24,PSD,380,379,1,0.002632,0
2023-24,PSA,380,379,1,0.002632,0
2023-24,WHH,380,379,1,0.002632,0
2023-24,WHD,380,379,1,0.002632,0
2023-24,WHA,380,379,1,0.002632,0
2023-24,VCH,380,379,1,0.002632,0
2023-24,VCD,380,379,1,0.002632,0
2023-24,VCA,380,379,1,0.002632,0
2023-24,MaxH,380,380,0,0.000000,0
2023-24,MaxD,380,380,0,0.000000,0
2023-24,MaxA,380,380,0,0.000000,0
2023-24,AvgH,380,380,0,0.000000,0
2023-24,AvgD,380,380,0,0.000000,0
2023-24,AvgA,380,380,0,0.000000,0
2023-24,B365>2.5,380,379,1,0.002632,0
2023-24,B365<2.5,380,379,1,0.002632,0
2023-24,P>2.5,380,380,0,0.000000,0
2023-24,P<2.5,380,380,0,0.000000,0
2023-24,Max>2.5,380,380,0,0.000000,0
2023-24,Max<2.5,380,380,0,0.000000,0
2023-24,Avg>2.5,380,380,0,0.000000,0
2023-24,Avg<2.5,380,380,0,0.000000,0
2023-24,AHh,380,380,0,0.000000,0
2023-24,B365AHH,380,372,8,0.021053,0
2023-24,B365AHA,380,372,8,0.021053,0
2023-24,PAHH,380,380,0,0.000000,0
2023-24,PAHA,380,380,0,0.000000,0
2023-24,MaxAHH,380,380,0,0.000000,0
2023-24,MaxAHA,380,380,0,0.000000,0
2023-24,AvgAHH,380,380,0,0.000000,0
2023-24,AvgAHA,380,380,0,0.000000,0
2023-24,B365CH,380,380,0,0.000000,0
2023-24,B365CD,380,380,0,0.000000,0
2023-24,B365CA,380,380,0,0.000000,0
2023-24,BWCH,380,372,8,0.021053,0
2023-24,BWCD,380,372,8,0.021053,0
2023-24,BWCA,380,372,8,0.021053,0
2023-24,IWCH,380,170,210,0.552632,0
2023-24,IWCD,380,170,210,0.552632,0
2023-24,IWCA,380,170,210,0.552632,0
2023-24,PSCH,380,380,0,0.000000,0
2023-24,PSCD,380,380,0,0.000000,0
2023-24,PSCA,380,380,0,0.000000,0
2023-24,WHCH,380,380,0,0.000000,0
2023-24,WHCD,380,380,0,0.000000,0
2023-24,WHCA,380,380,0,0.000000,0
2023-24,VCCH,380,380,0,0.000000,0
2023-24,VCCD,380,380,0,0.000000,0
2023-24,VCCA,380,380,0,0.000000,0
2023-24,MaxCH,380,380,0,0.000000,0
2023-24,MaxCD,380,380,0,0.000000,0
2023-24,MaxCA,380,380,0,0.000000,0
2023-24,AvgCH,380,380,0,0.000000,0
2023-24,AvgCD,380,380,0,0.000000,0
2023-24,AvgCA,380,380,0,0.000000,0
2023-24,B365C>2.5,380,380,0,0.000000,0
2023-24,B365C<2.5,380,380,0,0.000000,0
2023-24,PC>2.5,380,380,0,0.000000,0
2023-24,PC<2.5,380,380,0,0.000000,0
2023-24,MaxC>2.5,380,380,0,0.000000,0
2023-24,MaxC<2.5,380,380,0,0.000000,0
2023-24,AvgC>2.5,380,380,0,0.000000,0
2023-24,AvgC<2.5,380,380,0,0.000000,0
2023-24,AHCh,380,380,0,0.000000,0
2023-24,B365CAHH,380,380,0,0.000000,0
2023-24,B365CAHA,380,380,0,0.000000,0
2023-24,PCAHH,380,380,0,0.000000,0
2023-24,PCAHA,380,380,0,0.000000,0
2023-24,MaxCAHH,380,380,0,0.000000,0
2023-24,MaxCAHA,380,380,0,0.000000,0
2023-24,AvgCAHH,380,380,0,0.000000,0
2023-24,AvgCAHA,380,380,0,0.000000,0
2024-25,Div,342,342,0,0.000000,0
2024-25,Date,342,342,0,0.000000,0
2024-25,Time,342,342,0,0.000000,0
2024-25,HomeTeam,342,342,0,0.000000,0
2024-25,AwayTeam,342,342,0,0.000000,0
2024-25,FTHG,342,342,0,0.000000,0
2024-25,FTAG,342,342,0,0.000000,0
2024-25,FTR,342,342,0,0.000000,0
2024-25,HTHG,342,341,1,0.002924,0
2024-25,HTAG,342,341,1,0.002924,0
2024-25,HTR,342,341,1,0.002924,0
2024-25,HS,342,341,1,0.002924,0
2024-25,AS,342,341,1,0.002924,0
2024-25,HST,342,341,1,0.002924,0
2024-25,AST,342,341,1,0.002924,0
2024-25,HF,342,341,1,0.002924,0
2024-25,AF,342,341,1,0.002924,0
2024-25,HC,342,341,1,0.002924,0
2024-25,AC,342,341,1,0.002924,0
2024-25,HY,342,341,1,0.002924,0
2024-25,AY,342,341,1,0.002924,0
2024-25,HR,342,341,1,0.002924,0
2024-25,AR,342,341,1,0.002924,0
2024-25,B365H,342,342,0,0.000000,0
2024-25,B365D,342,342,0,0.000000,0
2024-25,B365A,342,342,0,0.000000,0
2024-25,BWH,342,207,135,0.394737,0
2024-25,BWD,342,207,135,0.394737,0
2024-25,BWA,342,207,135,0.394737,0
2024-25,BFH,342,342,0,0.000000,0
2024-25,BFD,342,342,0,0.000000,0
2024-25,BFA,342,342,0,0.000000,0
2024-25,PSH,342,340,2,0.005848,0
2024-25,PSD,342,340,2,0.005848,0
2024-25,PSA,342,340,2,0.005848,0
2024-25,WHH,342,252,90,0.263158,0
2024-25,WHD,342,252,90,0.263158,0
2024-25,WHA,342,252,90,0.263158,0
2024-25,1XBH,342,333,9,0.026316,0
2024-25,1XBD,342,333,9,0.026316,0
2024-25,1XBA,342,333,9,0.026316,0
2024-25,MaxH,342,342,0,0.000000,0
2024-25,MaxD,342,342,0,0.000000,0
2024-25,MaxA,342,342,0,0.000000,0
2024-25,AvgH,342,342,0,0.000000,0
2024-25,AvgD,342,342,0,0.000000,0
2024-25,AvgA,342,342,0,0.000000,0
2024-25,BFEH,342,341,1,0.002924,0
2024-25,BFED,342,341,1,0.002924,0
2024-25,BFEA,342,341,1,0.002924,0
2024-25,B365>2.5,342,342,0,0.000000,0
2024-25,B365<2.5,342,342,0,0.000000,0
2024-25,P>2.5,342,340,2,0.005848,0
2024-25,P<2.5,342,340,2,0.005848,0
2024-25,Max>2.5,342,342,0,0.000000,0
2024-25,Max<2.5,342,342,0,0.000000,0
2024-25,Avg>2.5,342,342,0,0.000000,0
2024-25,Avg<2.5,342,342,0,0.000000,0
2024-25,BFE>2.5,342,293,49,0.143275,0
2024-25,BFE<2.5,342,293,49,0.143275,0
2024-25,AHh,342,342,0,0.000000,0
2024-25,B365AHH,342,333,9,0.026316,0
2024-25,B365AHA,342,333,9,0.026316,0
2024-25,PAHH,342,342,0,0.000000,0
2024-25,PAHA,342,342,0,0.000000,0
2024-25,MaxAHH,342,342,0,0.000000,0
2024-25,MaxAHA,342,342,0,0.000000,0
2024-25,AvgAHH,342,342,0,0.000000,0
2024-25,AvgAHA,342,342,0,0.000000,0
2024-25,BFEAHH,342,189,153,0.447368,0
2024-25,BFEAHA,342,189,153,0.447368,0
2024-25,B365CH,342,342,0,0.000000,0
2024-25,B365CD,342,342,0,0.000000,0
2024-25,B365CA,342,342,0,0.000000,0
2024-25,BWCH,342,205,137,0.400585,0
2024-25,BWCD,342,205,137,0.400585,0
2024-25,BWCA,342,205,137,0.400585,0
2024-25,BFCH,342,342,0,0.000000,0
2024-25,BFCD,342,342,0,0.000000,0
2024-25,BFCA,342,342,0,0.000000,0
2024-25,PSCH,342,342,0,0.000000,0
2024-25,PSCD,342,342,0,0.000000,0
2024-25,PSCA,342,342,0,0.000000,0
2024-25,WHCH,342,252,90,0.263158,0
2024-25,WHCD,342,252,90,0.263158,0
2024-25,WHCA,342,252,90,0.263158,0
2024-25,1XBCH,342,342,0,0.000000,0
2024-25,1XBCD,342,342,0,0.000000,0
2024-25,1XBCA,342,342,0,0.000000,0
2024-25,MaxCH,342,342,0,0.000000,0
2024-25,MaxCD,342,342,0,0.000000,0
2024-25,MaxCA,342,342,0,0.000000,0
2024-25,AvgCH,342,342,0,0.000000,0
2024-25,AvgCD,342,342,0,0.000000,0
2024-25,AvgCA,342,342,0,0.000000,0
2024-25,BFECH,342,342,0,0.000000,0
2024-25,BFECD,342,342,0,0.000000,0
2024-25,BFECA,342,342,0,0.000000,0
2024-25,B365C>2.5,342,342,0,0.000000,0
2024-25,B365C<2.5,342,342,0,0.000000,0
2024-25,PC>2.5,342,342,0,0.000000,0
2024-25,PC<2.5,342,342,0,0.000000,0
2024-25,MaxC>2.5,342,342,0,0.000000,0
2024-25,MaxC<2.5,342,342,0,0.000000,0
2024-25,AvgC>2.5,342,342,0,0.000000,0
2024-25,AvgC<2.5,342,342,0,0.000000,0
2024-25,BFEC>2.5,342,342,0,0.000000,0
2024-25,BFEC<2.5,342,342,0,0.000000,0
2024-25,AHCh,342,342,0,0.000000,0
2024-25,B365CAHH,342,342,0,0.000000,0
2024-25,B365CAHA,342,342,0,0.000000,0
2024-25,PCAHH,342,342,0,0.000000,0
2024-25,PCAHA,342,342,0,0.000000,0
2024-25,MaxCAHH,342,342,0,0.000000,0
2024-25,MaxCAHA,342,342,0,0.000000,0
2024-25,AvgCAHH,342,342,0,0.000000,0
2024-25,AvgCAHA,342,342,0,0.000000,0
2024-25,BFECAHH,342,342,0,0.000000,0
2024-25,BFECAHA,342,342,0,0.000000,0
2025-26,Div,306,306,0,0.000000,0
2025-26,Date,306,306,0,0.000000,0
2025-26,Time,306,306,0,0.000000,0
2025-26,HomeTeam,306,306,0,0.000000,0
2025-26,AwayTeam,306,306,0,0.000000,0
2025-26,FTHG,306,306,0,0.000000,0
2025-26,FTAG,306,306,0,0.000000,0
2025-26,FTR,306,306,0,0.000000,0
2025-26,HTHG,306,306,0,0.000000,0
2025-26,HTAG,306,306,0,0.000000,0
2025-26,HTR,306,306,0,0.000000,0
2025-26,HS,306,306,0,0.000000,0
2025-26,AS,306,306,0,0.000000,0
2025-26,HST,306,306,0,0.000000,0
2025-26,AST,306,306,0,0.000000,0
2025-26,HF,306,306,0,0.000000,0
2025-26,AF,306,306,0,0.000000,0
2025-26,HC,306,306,0,0.000000,0
2025-26,AC,306,306,0,0.000000,0
2025-26,HY,306,306,0,0.000000,0
2025-26,AY,306,306,0,0.000000,0
2025-26,HR,306,306,0,0.000000,0
2025-26,AR,306,306,0,0.000000,0
2025-26,B365H,306,306,0,0.000000,0
2025-26,B365D,306,306,0,0.000000,0
2025-26,B365A,306,306,0,0.000000,0
2025-26,BFDH,306,305,1,0.003268,0
2025-26,BFDD,306,305,1,0.003268,0
2025-26,BFDA,306,306,0,0.000000,0
2025-26,BMGMH,306,304,2,0.006536,0
2025-26,BMGMD,306,304,2,0.006536,0
2025-26,BMGMA,306,304,2,0.006536,0
2025-26,BVH,306,287,19,0.062092,0
2025-26,BVD,306,287,19,0.062092,0
2025-26,BVA,306,287,19,0.062092,0
2025-26,BWH,306,306,0,0.000000,0
2025-26,BWD,306,306,0,0.000000,0
2025-26,BWA,306,306,0,0.000000,0
2025-26,CLH,306,211,95,0.310458,0
2025-26,CLD,306,211,95,0.310458,0
2025-26,CLA,306,211,95,0.310458,0
2025-26,LBH,306,219,87,0.284314,0
2025-26,LBD,306,219,87,0.284314,0
2025-26,LBA,306,219,87,0.284314,0
2025-26,PSH,306,132,174,0.568627,0
2025-26,PSD,306,132,174,0.568627,0
2025-26,PSA,306,132,174,0.568627,0
2025-26,MaxH,306,306,0,0.000000,0
2025-26,MaxD,306,306,0,0.000000,0
2025-26,MaxA,306,306,0,0.000000,0
2025-26,AvgH,306,306,0,0.000000,0
2025-26,AvgD,306,306,0,0.000000,0
2025-26,AvgA,306,306,0,0.000000,0
2025-26,BFEH,306,288,18,0.058824,0
2025-26,BFED,306,288,18,0.058824,0
2025-26,BFEA,306,288,18,0.058824,0
2025-26,B365>2.5,306,306,0,0.000000,0
2025-26,B365<2.5,306,306,0,0.000000,0
2025-26,P>2.5,306,133,173,0.565359,0
2025-26,P<2.5,306,133,173,0.565359,0
2025-26,Max>2.5,306,306,0,0.000000,0
2025-26,Max<2.5,306,306,0,0.000000,0
2025-26,Avg>2.5,306,306,0,0.000000,0
2025-26,Avg<2.5,306,306,0,0.000000,0
2025-26,BFE>2.5,306,250,56,0.183007,0
2025-26,BFE<2.5,306,250,56,0.183007,0
2025-26,AHh,306,306,0,0.000000,0
2025-26,B365AHH,306,306,0,0.000000,0
2025-26,B365AHA,306,306,0,0.000000,0
2025-26,PAHH,306,133,173,0.565359,0
2025-26,PAHA,306,133,173,0.565359,0
2025-26,MaxAHH,306,306,0,0.000000,0
2025-26,MaxAHA,306,306,0,0.000000,0
2025-26,AvgAHH,306,306,0,0.000000,0
2025-26,AvgAHA,306,306,0,0.000000,0
2025-26,BFEAHH,306,165,141,0.460784,0
2025-26,BFEAHA,306,165,141,0.460784,0
2025-26,B365CH,306,306,0,0.000000,0
2025-26,B365CD,306,306,0,0.000000,0
2025-26,B365CA,306,306,0,0.000000,0
2025-26,BFDCH,306,303,3,0.009804,0
2025-26,BFDCD,306,303,3,0.009804,0
2025-26,BFDCA,306,303,3,0.009804,0
2025-26,BMGMCH,306,306,0,0.000000,0
2025-26,BMGMCD,306,306,0,0.000000,0
2025-26,BMGMCA,306,306,0,0.000000,0
2025-26,BVCH,306,303,3,0.009804,0
2025-26,BVCD,306,303,3,0.009804,0
2025-26,BVCA,306,303,3,0.009804,0
2025-26,BWCH,306,306,0,0.000000,0
2025-26,BWCD,306,306,0,0.000000,0
2025-26,BWCA,306,306,0,0.000000,0
2025-26,CLCH,306,213,93,0.303922,0
2025-26,CLCD,306,213,93,0.303922,0
2025-26,CLCA,306,213,93,0.303922,0
2025-26,LBCH,306,221,85,0.277778,0
2025-26,LBCD,306,221,85,0.277778,0
2025-26,LBCA,306,221,85,0.277778,0
2025-26,PSCH,306,135,171,0.558824,0
2025-26,PSCD,306,135,171,0.558824,0
2025-26,PSCA,306,135,171,0.558824,0
2025-26,MaxCH,306,306,0,0.000000,0
2025-26,MaxCD,306,306,0,0.000000,0
2025-26,MaxCA,306,306,0,0.000000,0
2025-26,AvgCH,306,306,0,0.000000,0
2025-26,AvgCD,306,306,0,0.000000,0
2025-26,AvgCA,306,306,0,0.000000,0
2025-26,BFECH,306,287,19,0.062092,0
2025-26,BFECD,306,287,19,0.062092,0
2025-26,BFECA,306,287,19,0.062092,0
2025-26,B365C>2.5,306,306,0,0.000000,0
2025-26,B365C<2.5,306,306,0,0.000000,0
2025-26,PC>2.5,306,135,171,0.558824,0
2025-26,PC<2.5,306,135,171,0.558824,0
2025-26,MaxC>2.5,306,306,0,0.000000,0
2025-26,MaxC<2.5,306,306,0,0.000000,0
2025-26,AvgC>2.5,306,306,0,0.000000,0
2025-26,AvgC<2.5,306,306,0,0.000000,0
2025-26,BFEC>2.5,306,287,19,0.062092,0
2025-26,BFEC<2.5,306,287,19,0.062092,0
2025-26,AHCh,306,305,1,0.003268,0
2025-26,B365CAHH,306,306,0,0.000000,0
2025-26,B365CAHA,306,306,0,0.000000,0
2025-26,PCAHH,306,135,171,0.558824,0
2025-26,PCAHA,306,135,171,0.558824,0
2025-26,MaxCAHH,306,306,0,0.000000,0
2025-26,MaxCAHA,306,306,0,0.000000,0
2025-26,AvgCAHH,306,306,0,0.000000,0
2025-26,AvgCAHA,306,306,0,0.000000,0
2025-26,BFECAHH,306,287,19,0.062092,0
2025-26,BFECAHA,306,287,19,0.062092,0
