model,season,penalty,outcome,term,coefficient
ml_offset_logit,2021-22,inf,home_vs_draw,intercept,0.000000000
ml_offset_logit,2021-22,inf,home_vs_draw,stage6_logit_home_draw,0.000000000
ml_offset_logit,2021-22,inf,home_vs_draw,stage6_logit_away_draw,0.000000000
ml_offset_logit,2021-22,inf,home_vs_draw,form_points_diff,0.000000000
ml_offset_logit,2021-22,inf,home_vs_draw,sot_share_diff,0.000000000
ml_offset_logit,2021-22,inf,home_vs_draw,rest_days_diff,0.000000000
ml_offset_logit,2021-22,inf,home_vs_draw,home_promoted,0.000000000
ml_offset_logit,2021-22,inf,home_vs_draw,away_promoted,0.000000000
ml_offset_logit,2021-22,inf,away_vs_draw,intercept,0.000000000
ml_offset_logit,2021-22,inf,away_vs_draw,stage6_logit_home_draw,0.000000000
ml_offset_logit,2021-22,inf,away_vs_draw,stage6_logit_away_draw,0.000000000
ml_offset_logit,2021-22,inf,away_vs_draw,form_points_diff,0.000000000
ml_offset_logit,2021-22,inf,away_vs_draw,sot_share_diff,0.000000000
ml_offset_logit,2021-22,inf,away_vs_draw,rest_days_diff,0.000000000
ml_offset_logit,2021-22,inf,away_vs_draw,home_promoted,0.000000000
ml_offset_logit,2021-22,inf,away_vs_draw,away_promoted,0.000000000
ml_offset_logit,2022-23,100.000000000,home_vs_draw,intercept,-0.005348999
ml_offset_logit,2022-23,100.000000000,home_vs_draw,stage6_logit_home_draw,-0.056853138
ml_offset_logit,2022-23,100.000000000,home_vs_draw,stage6_logit_away_draw,0.076007884
ml_offset_logit,2022-23,100.000000000,home_vs_draw,form_points_diff,0.070378368
ml_offset_logit,2022-23,100.000000000,home_vs_draw,sot_share_diff,0.172853738
ml_offset_logit,2022-23,100.000000000,home_vs_draw,rest_days_diff,-0.027102374
ml_offset_logit,2022-23,100.000000000,home_vs_draw,home_promoted,-0.034147933
ml_offset_logit,2022-23,100.000000000,home_vs_draw,away_promoted,0.011960430
ml_offset_logit,2022-23,100.000000000,away_vs_draw,intercept,0.000678525
ml_offset_logit,2022-23,100.000000000,away_vs_draw,stage6_logit_home_draw,-0.011021371
ml_offset_logit,2022-23,100.000000000,away_vs_draw,stage6_logit_away_draw,-0.010514994
ml_offset_logit,2022-23,100.000000000,away_vs_draw,form_points_diff,-0.031722729
ml_offset_logit,2022-23,100.000000000,away_vs_draw,sot_share_diff,-0.078639912
ml_offset_logit,2022-23,100.000000000,away_vs_draw,rest_days_diff,0.006835378
ml_offset_logit,2022-23,100.000000000,away_vs_draw,home_promoted,0.075776579
ml_offset_logit,2022-23,100.000000000,away_vs_draw,away_promoted,0.044213938
ml_offset_logit,2023-24,300.000000000,home_vs_draw,intercept,-0.001873105
ml_offset_logit,2023-24,300.000000000,home_vs_draw,stage6_logit_home_draw,-0.026669239
ml_offset_logit,2023-24,300.000000000,home_vs_draw,stage6_logit_away_draw,0.017292017
ml_offset_logit,2023-24,300.000000000,home_vs_draw,form_points_diff,0.043842655
ml_offset_logit,2023-24,300.000000000,home_vs_draw,sot_share_diff,0.102908918
ml_offset_logit,2023-24,300.000000000,home_vs_draw,rest_days_diff,-0.035885039
ml_offset_logit,2023-24,300.000000000,home_vs_draw,home_promoted,-0.001872103
ml_offset_logit,2023-24,300.000000000,home_vs_draw,away_promoted,0.020816236
ml_offset_logit,2023-24,300.000000000,away_vs_draw,intercept,-0.014794371
ml_offset_logit,2023-24,300.000000000,away_vs_draw,stage6_logit_home_draw,-0.006491017
ml_offset_logit,2023-24,300.000000000,away_vs_draw,stage6_logit_away_draw,0.001780713
ml_offset_logit,2023-24,300.000000000,away_vs_draw,form_points_diff,-0.028960650
ml_offset_logit,2023-24,300.000000000,away_vs_draw,sot_share_diff,-0.066239173
ml_offset_logit,2023-24,300.000000000,away_vs_draw,rest_days_diff,0.000026282
ml_offset_logit,2023-24,300.000000000,away_vs_draw,home_promoted,0.044370580
ml_offset_logit,2023-24,300.000000000,away_vs_draw,away_promoted,0.005336401
ml_offset_logit,2024-25,300.000000000,home_vs_draw,intercept,0.012712186
ml_offset_logit,2024-25,300.000000000,home_vs_draw,stage6_logit_home_draw,-0.030772143
ml_offset_logit,2024-25,300.000000000,home_vs_draw,stage6_logit_away_draw,-0.006349535
ml_offset_logit,2024-25,300.000000000,home_vs_draw,form_points_diff,0.040127733
ml_offset_logit,2024-25,300.000000000,home_vs_draw,sot_share_diff,0.101756499
ml_offset_logit,2024-25,300.000000000,home_vs_draw,rest_days_diff,-0.009416762
ml_offset_logit,2024-25,300.000000000,home_vs_draw,home_promoted,0.003579564
ml_offset_logit,2024-25,300.000000000,home_vs_draw,away_promoted,0.013923838
ml_offset_logit,2024-25,300.000000000,away_vs_draw,intercept,-0.018350764
ml_offset_logit,2024-25,300.000000000,away_vs_draw,stage6_logit_home_draw,-0.002604518
ml_offset_logit,2024-25,300.000000000,away_vs_draw,stage6_logit_away_draw,0.010037043
ml_offset_logit,2024-25,300.000000000,away_vs_draw,form_points_diff,-0.016331799
ml_offset_logit,2024-25,300.000000000,away_vs_draw,sot_share_diff,-0.071716007
ml_offset_logit,2024-25,300.000000000,away_vs_draw,rest_days_diff,-0.009240944
ml_offset_logit,2024-25,300.000000000,away_vs_draw,home_promoted,0.034386018
ml_offset_logit,2024-25,300.000000000,away_vs_draw,away_promoted,0.000808732
ml_offset_recalibration,2021-22,inf,home_vs_draw,intercept,0.000000000
ml_offset_recalibration,2021-22,inf,home_vs_draw,stage6_logit_home_draw,0.000000000
ml_offset_recalibration,2021-22,inf,home_vs_draw,stage6_logit_away_draw,0.000000000
ml_offset_recalibration,2021-22,inf,away_vs_draw,intercept,0.000000000
ml_offset_recalibration,2021-22,inf,away_vs_draw,stage6_logit_home_draw,0.000000000
ml_offset_recalibration,2021-22,inf,away_vs_draw,stage6_logit_away_draw,0.000000000
ml_offset_recalibration,2022-23,inf,home_vs_draw,intercept,0.000000000
ml_offset_recalibration,2022-23,inf,home_vs_draw,stage6_logit_home_draw,0.000000000
ml_offset_recalibration,2022-23,inf,home_vs_draw,stage6_logit_away_draw,0.000000000
ml_offset_recalibration,2022-23,inf,away_vs_draw,intercept,0.000000000
ml_offset_recalibration,2022-23,inf,away_vs_draw,stage6_logit_home_draw,0.000000000
ml_offset_recalibration,2022-23,inf,away_vs_draw,stage6_logit_away_draw,0.000000000
ml_offset_recalibration,2023-24,inf,home_vs_draw,intercept,0.000000000
ml_offset_recalibration,2023-24,inf,home_vs_draw,stage6_logit_home_draw,0.000000000
ml_offset_recalibration,2023-24,inf,home_vs_draw,stage6_logit_away_draw,0.000000000
ml_offset_recalibration,2023-24,inf,away_vs_draw,intercept,0.000000000
ml_offset_recalibration,2023-24,inf,away_vs_draw,stage6_logit_home_draw,0.000000000
ml_offset_recalibration,2023-24,inf,away_vs_draw,stage6_logit_away_draw,0.000000000
ml_offset_recalibration,2024-25,inf,home_vs_draw,intercept,0.000000000
ml_offset_recalibration,2024-25,inf,home_vs_draw,stage6_logit_home_draw,0.000000000
ml_offset_recalibration,2024-25,inf,home_vs_draw,stage6_logit_away_draw,0.000000000
ml_offset_recalibration,2024-25,inf,away_vs_draw,intercept,0.000000000
ml_offset_recalibration,2024-25,inf,away_vs_draw,stage6_logit_home_draw,0.000000000
ml_offset_recalibration,2024-25,inf,away_vs_draw,stage6_logit_away_draw,0.000000000
ml_plain_logit,2021-22,100.000000000,home_vs_draw,intercept,0.455881275
ml_plain_logit,2021-22,100.000000000,home_vs_draw,stage6_logit_home_draw,0.126860939
ml_plain_logit,2021-22,100.000000000,home_vs_draw,stage6_logit_away_draw,-0.071456439
ml_plain_logit,2021-22,100.000000000,home_vs_draw,form_points_diff,0.112861117
ml_plain_logit,2021-22,100.000000000,home_vs_draw,sot_share_diff,0.175564771
ml_plain_logit,2021-22,100.000000000,home_vs_draw,rest_days_diff,-0.024232471
ml_plain_logit,2021-22,100.000000000,home_vs_draw,home_promoted,-0.034393957
ml_plain_logit,2021-22,100.000000000,home_vs_draw,away_promoted,-0.004242085
ml_plain_logit,2021-22,100.000000000,away_vs_draw,intercept,0.024716066
ml_plain_logit,2021-22,100.000000000,away_vs_draw,stage6_logit_home_draw,-0.119047283
ml_plain_logit,2021-22,100.000000000,away_vs_draw,stage6_logit_away_draw,0.152124122
ml_plain_logit,2021-22,100.000000000,away_vs_draw,form_points_diff,-0.096001429
ml_plain_logit,2021-22,100.000000000,away_vs_draw,sot_share_diff,-0.125113446
ml_plain_logit,2021-22,100.000000000,away_vs_draw,rest_days_diff,-0.008285660
ml_plain_logit,2021-22,100.000000000,away_vs_draw,home_promoted,0.043982391
ml_plain_logit,2021-22,100.000000000,away_vs_draw,away_promoted,0.025254110
ml_plain_logit,2022-23,100.000000000,home_vs_draw,intercept,0.489675186
ml_plain_logit,2022-23,100.000000000,home_vs_draw,stage6_logit_home_draw,0.162795283
ml_plain_logit,2022-23,100.000000000,home_vs_draw,stage6_logit_away_draw,-0.060638126
ml_plain_logit,2022-23,100.000000000,home_vs_draw,form_points_diff,0.084599830
ml_plain_logit,2022-23,100.000000000,home_vs_draw,sot_share_diff,0.189782085
ml_plain_logit,2022-23,100.000000000,home_vs_draw,rest_days_diff,-0.026265829
ml_plain_logit,2022-23,100.000000000,home_vs_draw,home_promoted,-0.043871719
ml_plain_logit,2022-23,100.000000000,home_vs_draw,away_promoted,0.010248727
ml_plain_logit,2022-23,100.000000000,away_vs_draw,intercept,0.063634717
ml_plain_logit,2022-23,100.000000000,away_vs_draw,stage6_logit_home_draw,-0.142807086
ml_plain_logit,2022-23,100.000000000,away_vs_draw,stage6_logit_away_draw,0.176772665
ml_plain_logit,2022-23,100.000000000,away_vs_draw,form_points_diff,-0.049044644
ml_plain_logit,2022-23,100.000000000,away_vs_draw,sot_share_diff,-0.093179339
ml_plain_logit,2022-23,100.000000000,away_vs_draw,rest_days_diff,0.010137540
ml_plain_logit,2022-23,100.000000000,away_vs_draw,home_promoted,0.073957698
ml_plain_logit,2022-23,100.000000000,away_vs_draw,away_promoted,0.033824026
ml_plain_logit,2023-24,100.000000000,home_vs_draw,intercept,0.480800619
ml_plain_logit,2023-24,100.000000000,home_vs_draw,stage6_logit_home_draw,0.182297997
ml_plain_logit,2023-24,100.000000000,home_vs_draw,stage6_logit_away_draw,-0.106070830
ml_plain_logit,2023-24,100.000000000,home_vs_draw,form_points_diff,0.069132384
ml_plain_logit,2023-24,100.000000000,home_vs_draw,sot_share_diff,0.166240282
ml_plain_logit,2023-24,100.000000000,home_vs_draw,rest_days_diff,-0.052835322
ml_plain_logit,2023-24,100.000000000,home_vs_draw,home_promoted,-0.002146143
ml_plain_logit,2023-24,100.000000000,home_vs_draw,away_promoted,0.029095058
ml_plain_logit,2023-24,100.000000000,away_vs_draw,intercept,0.022514573
ml_plain_logit,2023-24,100.000000000,away_vs_draw,stage6_logit_home_draw,-0.147909986
ml_plain_logit,2023-24,100.000000000,away_vs_draw,stage6_logit_away_draw,0.202464900
ml_plain_logit,2023-24,100.000000000,away_vs_draw,form_points_diff,-0.046007111
ml_plain_logit,2023-24,100.000000000,away_vs_draw,sot_share_diff,-0.097172418
ml_plain_logit,2023-24,100.000000000,away_vs_draw,rest_days_diff,-0.006474233
ml_plain_logit,2023-24,100.000000000,away_vs_draw,home_promoted,0.065736021
ml_plain_logit,2023-24,100.000000000,away_vs_draw,away_promoted,0.004625394
ml_plain_logit,2024-25,100.000000000,home_vs_draw,intercept,0.507905145
ml_plain_logit,2024-25,100.000000000,home_vs_draw,stage6_logit_home_draw,0.186074714
ml_plain_logit,2024-25,100.000000000,home_vs_draw,stage6_logit_away_draw,-0.156212170
ml_plain_logit,2024-25,100.000000000,home_vs_draw,form_points_diff,0.063988079
ml_plain_logit,2024-25,100.000000000,home_vs_draw,sot_share_diff,0.156295703
ml_plain_logit,2024-25,100.000000000,home_vs_draw,rest_days_diff,-0.015112019
ml_plain_logit,2024-25,100.000000000,home_vs_draw,home_promoted,0.001989978
ml_plain_logit,2024-25,100.000000000,home_vs_draw,away_promoted,0.016249906
ml_plain_logit,2024-25,100.000000000,away_vs_draw,intercept,0.022370505
ml_plain_logit,2024-25,100.000000000,away_vs_draw,stage6_logit_home_draw,-0.144842675
ml_plain_logit,2024-25,100.000000000,away_vs_draw,stage6_logit_away_draw,0.229489715
ml_plain_logit,2024-25,100.000000000,away_vs_draw,form_points_diff,-0.023707191
ml_plain_logit,2024-25,100.000000000,away_vs_draw,sot_share_diff,-0.106775270
ml_plain_logit,2024-25,100.000000000,away_vs_draw,rest_days_diff,-0.015008069
ml_plain_logit,2024-25,100.000000000,away_vs_draw,home_promoted,0.049052620
ml_plain_logit,2024-25,100.000000000,away_vs_draw,away_promoted,-0.005509442
