model,season,decay_per_day,prior_k,matches,log_loss,brier_score,promoted_matches,promoted_log_loss
dixon_coles_promoted_prior,2019-20,0.001500000000,0,306,1.047305200659,0.628199380768,96,1.098673275385
dixon_coles_promoted_prior,2019-20,0.001500000000,4,306,1.039261053311,0.623390174595,96,1.073032555715
dixon_coles_promoted_prior,2019-20,0.001500000000,8,306,1.037161164537,0.622065513532,96,1.066339160248
dixon_coles_promoted_prior,2019-20,0.001500000000,16,306,1.035638734437,0.621093734603,96,1.061486414304
dixon_coles_promoted_prior,2019-20,0.001500000000,32,306,1.034830819516,0.620575193285,96,1.058911185492
dixon_coles_promoted_prior,2019-20,0.001500000000,64,306,1.034586579460,0.620419723424,96,1.058132670313
dixon_coles_promoted_prior,2019-20,0.003000000000,0,306,1.047458013468,0.627475921397,96,1.105347624639
dixon_coles_promoted_prior,2019-20,0.003000000000,4,306,1.039183494365,0.622544710714,96,1.078972594998
dixon_coles_promoted_prior,2019-20,0.003000000000,8,306,1.037077357265,0.621216254572,96,1.072259282993
dixon_coles_promoted_prior,2019-20,0.003000000000,16,306,1.035574226330,0.620263133870,96,1.067468053136
dixon_coles_promoted_prior,2019-20,0.003000000000,32,306,1.034808501103,0.619778443708,96,1.065027303977
dixon_coles_promoted_prior,2019-20,0.003000000000,64,306,1.034620835791,0.619664153607,96,1.064429120795
dixon_coles_promoted_prior,2020-21,0.001500000000,0,420,1.038248883328,0.624090817416,114,1.093373041953
dixon_coles_promoted_prior,2020-21,0.001500000000,4,420,1.033469835054,0.620470372203,114,1.075766021996
dixon_coles_promoted_prior,2020-21,0.001500000000,8,420,1.032189302544,0.619529710016,114,1.071048270641
dixon_coles_promoted_prior,2020-21,0.001500000000,16,420,1.031195665954,0.618831513578,114,1.067387504259
dixon_coles_promoted_prior,2020-21,0.001500000000,32,420,1.030670539040,0.618507358360,114,1.065452826156
dixon_coles_promoted_prior,2020-21,0.001500000000,64,420,1.030586198451,0.618508978875,114,1.065142097669
dixon_coles_promoted_prior,2020-21,0.003000000000,0,420,1.040003661041,0.624821523654,114,1.091876277920
dixon_coles_promoted_prior,2020-21,0.003000000000,4,420,1.035201582535,0.621148792512,114,1.074184409743
dixon_coles_promoted_prior,2020-21,0.003000000000,8,420,1.033857322627,0.620177921455,114,1.069231873239
dixon_coles_promoted_prior,2020-21,0.003000000000,16,420,1.032792142286,0.619447406316,114,1.065307524612
dixon_coles_promoted_prior,2020-21,0.003000000000,32,420,1.032205020756,0.619092494101,114,1.063144445291
dixon_coles_promoted_prior,2020-21,0.003000000000,64,420,1.032080077337,0.619072892574,114,1.062684127433
dixon_coles_promoted_prior,2021-22,0.001500000000,0,380,1.026299718507,0.615835600338,108,1.069552420530
dixon_coles_promoted_prior,2021-22,0.001500000000,4,380,1.023030043166,0.614155864447,108,1.058048007296
dixon_coles_promoted_prior,2021-22,0.001500000000,8,380,1.021854816684,0.613348019074,108,1.053912951153
dixon_coles_promoted_prior,2021-22,0.001500000000,16,380,1.020726718661,0.612556070789,108,1.049943717369
dixon_coles_promoted_prior,2021-22,0.001500000000,32,380,1.019853779711,0.611925444146,108,1.046872265508
dixon_coles_promoted_prior,2021-22,0.001500000000,64,380,1.019334462870,0.611531865777,108,1.045045039585
dixon_coles_promoted_prior,2021-22,0.003000000000,0,380,1.018105628652,0.610894309601,108,1.060708804672
dixon_coles_promoted_prior,2021-22,0.003000000000,4,380,1.014869165426,0.609124060567,108,1.049321248877
dixon_coles_promoted_prior,2021-22,0.003000000000,8,380,1.013714186407,0.608308242695,108,1.045257433807
dixon_coles_promoted_prior,2021-22,0.003000000000,16,380,1.012598577673,0.607507005678,108,1.041332143819
dixon_coles_promoted_prior,2021-22,0.003000000000,32,380,1.011737119268,0.606871942859,108,1.038301086469
dixon_coles_promoted_prior,2021-22,0.003000000000,64,380,1.011234359756,0.606482931691,108,1.036532117815
dixon_coles_promoted_prior,2022-23,0.001500000000,0,313,0.997137285549,0.591712882678,97,0.998023948194
dixon_coles_promoted_prior,2022-23,0.001500000000,4,313,0.993018772738,0.590898751606,97,0.984734314072
dixon_coles_promoted_prior,2022-23,0.001500000000,8,313,0.992419397179,0.590758718091,97,0.982800246545
dixon_coles_promoted_prior,2022-23,0.001500000000,16,313,0.992326995886,0.590854355590,97,0.982502085672
dixon_coles_promoted_prior,2022-23,0.001500000000,32,313,0.992724471735,0.591238597508,97,0.983784662382
dixon_coles_promoted_prior,2022-23,0.001500000000,64,313,0.993372294097,0.591767142629,97,0.985875058249
dixon_coles_promoted_prior,2022-23,0.003000000000,0,313,0.999863641307,0.593741934734,97,0.995419428024
dixon_coles_promoted_prior,2022-23,0.003000000000,4,313,0.995079788623,0.592306202624,97,0.979982872458
dixon_coles_promoted_prior,2022-23,0.003000000000,8,313,0.994227841206,0.591980071384,97,0.977233805017
dixon_coles_promoted_prior,2022-23,0.003000000000,16,313,0.993787574380,0.591824844931,97,0.975813150208
dixon_coles_promoted_prior,2022-23,0.003000000000,32,313,0.993761009522,0.591903520467,97,0.975727430616
dixon_coles_promoted_prior,2022-23,0.003000000000,64,313,0.993988126816,0.592128380173,97,0.976460293637
dixon_coles_promoted_prior,2023-24,0.001500000000,0,379,0.993162136056,0.587023105799,108,1.023317840238
dixon_coles_promoted_prior,2023-24,0.001500000000,4,379,0.982277773887,0.583564774828,108,0.985121791516
dixon_coles_promoted_prior,2023-24,0.001500000000,8,379,0.981093290279,0.582776288868,108,0.980965131448
dixon_coles_promoted_prior,2023-24,0.001500000000,16,379,0.980252255164,0.582196707284,108,0.978013721183
dixon_coles_promoted_prior,2023-24,0.001500000000,32,379,0.979809303751,0.581869307800,108,0.976459289835
dixon_coles_promoted_prior,2023-24,0.001500000000,64,379,0.979717165584,0.581773469683,108,0.976135953121
dixon_coles_promoted_prior,2023-24,0.003000000000,0,379,0.991292053027,0.585317409737,108,1.033704082110
dixon_coles_promoted_prior,2023-24,0.003000000000,4,379,0.979351324878,0.582084994812,108,0.991800971290
dixon_coles_promoted_prior,2023-24,0.003000000000,8,379,0.978098795686,0.581255726141,108,0.987405521624
dixon_coles_promoted_prior,2023-24,0.003000000000,16,379,0.977166076604,0.580599833671,108,0.984132368552
dixon_coles_promoted_prior,2023-24,0.003000000000,32,379,0.976602158219,0.580169515672,108,0.982153432738
dixon_coles_promoted_prior,2023-24,0.003000000000,64,379,0.976381330737,0.579965294150,108,0.981378491851
dixon_coles_promoted_prior,2024-25,0.001500000000,0,341,0.973710092843,0.578006016630,102,1.023124691698
dixon_coles_promoted_prior,2024-25,0.001500000000,4,341,0.970301578717,0.575861843821,102,1.011729561139
dixon_coles_promoted_prior,2024-25,0.001500000000,8,341,0.969404402495,0.575411176901,102,1.008730177888
dixon_coles_promoted_prior,2024-25,0.001500000000,16,341,0.968653953807,0.575069102765,102,1.006221324922
dixon_coles_promoted_prior,2024-25,0.001500000000,32,341,0.968180571217,0.574863955381,102,1.004638741948
dixon_coles_promoted_prior,2024-25,0.001500000000,64,341,0.968008964680,0.574800189841,102,1.004065037740
dixon_coles_promoted_prior,2024-25,0.003000000000,0,341,0.961349292201,0.569389479882,102,1.016806134648
dixon_coles_promoted_prior,2024-25,0.003000000000,4,341,0.957696156047,0.567006360610,102,1.004593199072
dixon_coles_promoted_prior,2024-25,0.003000000000,8,341,0.956674912384,0.566451025300,102,1.001179041336
dixon_coles_promoted_prior,2024-25,0.003000000000,16,341,0.955781132833,0.565987939110,102,0.998191013623
dixon_coles_promoted_prior,2024-25,0.003000000000,32,341,0.955213424661,0.565698357534,102,0.996293087284
dixon_coles_promoted_prior,2024-25,0.003000000000,64,341,0.955024645412,0.565610986431,102,0.995661972345
dixon_coles_promoted_point,2019-20,0.001500000000,0,306,1.047305200659,0.628199380768,96,1.098673275385
dixon_coles_promoted_point,2019-20,0.001500000000,4,306,1.039331543544,0.623424173249,96,1.073257243331
dixon_coles_promoted_point,2019-20,0.001500000000,8,306,1.037205316195,0.622081570871,96,1.066479893658
dixon_coles_promoted_point,2019-20,0.001500000000,16,306,1.035650257199,0.621087889988,96,1.061523143106
dixon_coles_promoted_point,2019-20,0.001500000000,32,306,1.034811114245,0.620547639394,96,1.058848374942
dixon_coles_promoted_point,2019-20,0.001500000000,64,306,1.034544135417,0.620374738682,96,1.057997379928
dixon_coles_promoted_point,2019-20,0.003000000000,0,306,1.047458013468,0.627475921397,96,1.105347624639
dixon_coles_promoted_point,2019-20,0.003000000000,4,306,1.039275200959,0.622587546980,96,1.079264909768
dixon_coles_promoted_point,2019-20,0.003000000000,8,306,1.037143096771,0.621238973339,96,1.072468827668
dixon_coles_promoted_point,2019-20,0.003000000000,16,306,1.035607271934,0.620261569059,96,1.067573386001
dixon_coles_promoted_point,2019-20,0.003000000000,32,306,1.034810423683,0.619753200679,96,1.065033432199
dixon_coles_promoted_point,2019-20,0.003000000000,64,306,1.034600541861,0.619620139771,96,1.064364433892
dixon_coles_promoted_point,2020-21,0.001500000000,0,420,1.038248883328,0.624090817416,114,1.093373041953
dixon_coles_promoted_point,2020-21,0.001500000000,4,420,1.033506772869,0.620489517055,114,1.075902108683
dixon_coles_promoted_point,2020-21,0.001500000000,8,420,1.032221439040,0.619540900452,114,1.071166668258
dixon_coles_promoted_point,2020-21,0.001500000000,16,420,1.031238323262,0.618843125043,114,1.067544662763
dixon_coles_promoted_point,2020-21,0.001500000000,32,420,1.030741440984,0.618531800193,114,1.065714043842
dixon_coles_promoted_point,2020-21,0.001500000000,64,420,1.030696672374,0.618555157110,114,1.065549106857
dixon_coles_promoted_point,2020-21,0.003000000000,0,420,1.040003661041,0.624821523654,114,1.091876277920
dixon_coles_promoted_point,2020-21,0.003000000000,4,420,1.035241577474,0.621170554539,114,1.074331759516
dixon_coles_promoted_point,2020-21,0.003000000000,8,420,1.033895046436,0.620193437383,114,1.069370855692
dixon_coles_promoted_point,2020-21,0.003000000000,16,420,1.032845112621,0.619466950207,114,1.065502678479
dixon_coles_promoted_point,2020-21,0.003000000000,32,420,1.032292070916,0.619129596823,114,1.063465156407
dixon_coles_promoted_point,2020-21,0.003000000000,64,420,1.032212467845,0.619136420989,114,1.063171881935
dixon_coles_promoted_point,2021-22,0.001500000000,0,380,1.026299718507,0.615835600338,108,1.069552420530
dixon_coles_promoted_point,2021-22,0.001500000000,4,380,1.023099602531,0.614194557748,108,1.058292753207
dixon_coles_promoted_point,2021-22,0.001500000000,8,380,1.021952054498,0.613401952181,108,1.054255084202
dixon_coles_promoted_point,2021-22,0.001500000000,16,380,1.020852176345,0.612623465000,108,1.050385142555
dixon_coles_promoted_point,2021-22,0.001500000000,32,380,1.020004360516,0.612002509177,108,1.047402086859
dixon_coles_promoted_point,2021-22,0.001500000000,64,380,1.019504881412,0.611615183196,108,1.045644660382
dixon_coles_promoted_point,2021-22,0.003000000000,0,380,1.018105628652,0.610894309601,108,1.060708804672
dixon_coles_promoted_point,2021-22,0.003000000000,4,380,1.014944716324,0.609168195888,108,1.049587076109
dixon_coles_promoted_point,2021-22,0.003000000000,8,380,1.013818816606,0.608368558429,108,1.045625577101
dixon_coles_promoted_point,2021-22,0.003000000000,16,380,1.012730887359,0.607579991378,108,1.041797677898
dixon_coles_promoted_point,2021-22,0.003000000000,32,380,1.011891851473,0.606952093500,108,1.038845514597
dixon_coles_promoted_point,2021-22,0.003000000000,64,380,1.011405258392,0.606566301977,108,1.037133427830
dixon_coles_promoted_point,2022-23,0.001500000000,0,313,0.997137285549,0.591712882678,97,0.998023948194
dixon_coles_promoted_point,2022-23,0.001500000000,4,313,0.993013290206,0.590869877947,97,0.984716623016
dixon_coles_promoted_point,2022-23,0.001500000000,8,313,0.992409982684,0.590725348621,97,0.982769867815
dixon_coles_promoted_point,2022-23,0.001500000000,16,313,0.992293777467,0.590804057003,97,0.982394896341
dixon_coles_promoted_point,2022-23,0.001500000000,32,313,0.992652622604,0.591161514423,97,0.983552819309
dixon_coles_promoted_point,2022-23,0.001500000000,64,313,0.993260291426,0.591662260584,97,0.985513647569
dixon_coles_promoted_point,2022-23,0.003000000000,0,313,0.999863641307,0.593741934734,97,0.995419428024
dixon_coles_promoted_point,2022-23,0.003000000000,4,313,0.995063066489,0.592270335726,97,0.979928913407
dixon_coles_promoted_point,2022-23,0.003000000000,8,313,0.994201929483,0.591935882252,97,0.977150192965
dixon_coles_promoted_point,2022-23,0.003000000000,16,313,0.993730684980,0.591758788296,97,0.975629579258
dixon_coles_promoted_point,2022-23,0.003000000000,32,313,0.993657650119,0.591805348581,97,0.975393910068
dixon_coles_promoted_point,2022-23,0.003000000000,64,313,0.993837295455,0.591997522443,97,0.975973590377
dixon_coles_promoted_point,2023-24,0.001500000000,0,379,0.993162136056,0.587023105799,108,1.023317840238
dixon_coles_promoted_point,2023-24,0.001500000000,4,379,0.982227411140,0.583541198370,108,0.984945055581
dixon_coles_promoted_point,2023-24,0.001500000000,8,379,0.981014224641,0.582738069614,108,0.980687669624
dixon_coles_promoted_point,2023-24,0.001500000000,16,379,0.980134815100,0.582139263212,108,0.977601593550
dixon_coles_promoted_point,2023-24,0.001500000000,32,379,0.979641950543,0.581786634655,108,0.975872004042
dixon_coles_promoted_point,2023-24,0.001500000000,64,379,0.979498455971,0.581663890189,108,0.975368444386
dixon_coles_promoted_point,2023-24,0.003000000000,0,379,0.991292053027,0.585317409737,108,1.033704082110
dixon_coles_promoted_point,2023-24,0.003000000000,4,379,0.979309940797,0.582066469994,108,0.991655743821
dixon_coles_promoted_point,2023-24,0.003000000000,8,379,0.978033623834,0.581227236135,108,0.987176816699
dixon_coles_promoted_point,2023-24,0.003000000000,16,379,0.977068012755,0.580556425671,108,0.983788237079
dixon_coles_promoted_point,2023-24,0.003000000000,32,379,0.976458700091,0.580104181701,108,0.981650000973
dixon_coles_promoted_point,2023-24,0.003000000000,64,379,0.976189380485,0.579875081931,108,0.980704888653
dixon_coles_promoted_point,2024-25,0.001500000000,0,341,0.973710092843,0.578006016630,102,1.023124691698
dixon_coles_promoted_point,2024-25,0.001500000000,4,341,0.970259312342,0.575854591053,102,1.011588258848
dixon_coles_promoted_point,2024-25,0.001500000000,8,341,0.969363168711,0.575411932408,102,1.008592327688
dixon_coles_promoted_point,2024-25,0.001500000000,16,341,0.968608292700,0.575078590407,102,1.006068673572
dixon_coles_promoted_point,2024-25,0.001500000000,32,341,0.968125129259,0.574880059593,102,1.004453391872
dixon_coles_promoted_point,2024-25,0.001500000000,64,341,0.967942182915,0.574819535071,102,1.003841777134
dixon_coles_promoted_point,2024-25,0.003000000000,0,341,0.961349292201,0.569389479882,102,1.016806134648
dixon_coles_promoted_point,2024-25,0.003000000000,4,341,0.957648752190,0.567001140307,102,1.004434721473
dixon_coles_promoted_point,2024-25,0.003000000000,8,341,0.956627942065,0.566455802162,102,1.001022013113
dixon_coles_promoted_point,2024-25,0.003000000000,16,341,0.955731366984,0.566004597273,102,0.998024639561
dixon_coles_promoted_point,2024-25,0.003000000000,32,341,0.955158353469,0.565725972921,102,0.996108976731
dixon_coles_promoted_point,2024-25,0.003000000000,64,341,0.954964890222,0.565646928458,102,0.995462202541
poisson_decay_promoted_prior,2019-20,0.001500000000,0,306,1.048693754247,0.629825829724,96,1.103178670875
poisson_decay_promoted_prior,2019-20,0.001500000000,4,306,1.041103825160,0.625139446734,96,1.078985771912
poisson_decay_promoted_prior,2019-20,0.001500000000,8,306,1.039116362499,0.623847909099,96,1.072650734678
poisson_decay_promoted_prior,2019-20,0.001500000000,16,306,1.037671990692,0.622896092257,96,1.068046799544
poisson_decay_promoted_prior,2019-20,0.001500000000,32,306,1.036901355333,0.622385372260,96,1.065590399339
poisson_decay_promoted_prior,2019-20,0.001500000000,64,306,1.036663101431,0.622229549061,96,1.064830965024
poisson_decay_promoted_prior,2019-20,0.003000000000,0,306,1.048778635799,0.629135373812,96,1.108798223252
poisson_decay_promoted_prior,2019-20,0.003000000000,4,306,1.041042335346,0.624360613924,96,1.084138765556
poisson_decay_promoted_prior,2019-20,0.003000000000,8,306,1.039066499141,0.623071680652,96,1.077840787653
poisson_decay_promoted_prior,2019-20,0.003000000000,16,306,1.037655703690,0.622141276946,96,1.073343877153
poisson_decay_promoted_prior,2019-20,0.003000000000,32,306,1.036939036212,0.621665262465,96,1.071059499569
poisson_decay_promoted_prior,2019-20,0.003000000000,64,306,1.036767399680,0.621551008651,96,1.070512408122
poisson_decay_promoted_prior,2020-21,0.001500000000,0,420,1.040933593304,0.625817878097,114,1.093331493664
poisson_decay_promoted_prior,2020-21,0.001500000000,4,420,1.036258122500,0.622213756417,114,1.076106074909
poisson_decay_promoted_prior,2020-21,0.001500000000,8,420,1.035002314659,0.621267403208,114,1.071479414443
poisson_decay_promoted_prior,2020-21,0.001500000000,16,420,1.034019434270,0.620551361977,114,1.067858276170
poisson_decay_promoted_prior,2020-21,0.001500000000,32,420,1.033488147228,0.620198130059,114,1.065900902855
poisson_decay_promoted_prior,2020-21,0.001500000000,64,420,1.033386504812,0.620168893095,114,1.065526430796
poisson_decay_promoted_prior,2020-21,0.003000000000,0,420,1.042152832271,0.626360667805,114,1.091981979189
poisson_decay_promoted_prior,2020-21,0.003000000000,4,420,1.037437823621,0.622691758319,114,1.074610894689
poisson_decay_promoted_prior,2020-21,0.003000000000,8,420,1.036112520761,0.621712488477,114,1.069728199943
poisson_decay_promoted_prior,2020-21,0.003000000000,16,420,1.035051910056,0.620959423166,114,1.065820686817
poisson_decay_promoted_prior,2020-21,0.003000000000,32,420,1.034452840676,0.620569795321,114,1.063613589104
poisson_decay_promoted_prior,2020-21,0.003000000000,64,420,1.034305940792,0.620514253648,114,1.063072379002
poisson_decay_promoted_prior,2021-22,0.001500000000,0,380,1.024695629518,0.614825380897,108,1.064155455885
poisson_decay_promoted_prior,2021-22,0.001500000000,4,380,1.021737911667,0.613201612223,108,1.053748670852
poisson_decay_promoted_prior,2021-22,0.001500000000,8,380,1.020663037471,0.612429354134,108,1.049966706090
poisson_decay_promoted_prior,2021-22,0.001500000000,16,380,1.019633076091,0.611677644195,108,1.046342767899
poisson_decay_promoted_prior,2021-22,0.001500000000,32,380,1.018844912669,0.611084993295,108,1.043569600303
poisson_decay_promoted_prior,2021-22,0.001500000000,64,380,1.018388830480,0.610722183817,108,1.041964866676
poisson_decay_promoted_prior,2021-22,0.003000000000,0,380,1.016520682602,0.609734409908,108,1.055555518730
poisson_decay_promoted_prior,2021-22,0.003000000000,4,380,1.013570331747,0.608013054789,108,1.045174654614
poisson_decay_promoted_prior,2021-22,0.003000000000,8,380,1.012508850388,0.607231594058,108,1.041439812794
poisson_decay_promoted_prior,2021-22,0.003000000000,16,380,1.011486729419,0.606469663676,108,1.037843461235
poisson_decay_promoted_prior,2021-22,0.003000000000,32,380,1.010708117318,0.605871900948,108,1.035103900141
poisson_decay_promoted_prior,2021-22,0.003000000000,64,380,1.010268459477,0.605513189590,108,1.033556955884
poisson_decay_promoted_prior,2022-23,0.001500000000,0,313,0.996297167682,0.591358942043,97,0.995449810192
poisson_decay_promoted_prior,2022-23,0.001500000000,4,313,0.992152751523,0.590303238596,97,0.982076591041
poisson_decay_promoted_prior,2022-23,0.001500000000,8,313,0.991555369526,0.590092285120,97,0.980148956351
poisson_decay_promoted_prior,2022-23,0.001500000000,16,313,0.991453135978,0.590121240776,97,0.979819068716
poisson_decay_promoted_prior,2022-23,0.001500000000,32,313,0.991830718238,0.590449995072,97,0.981037452711
poisson_decay_promoted_prior,2022-23,0.001500000000,64,313,0.992455913707,0.590939030272,97,0.983054836027
poisson_decay_promoted_prior,2022-23,0.003000000000,0,313,0.998841005368,0.593344548150,97,0.993034664970
poisson_decay_promoted_prior,2022-23,0.003000000000,4,313,0.994055171840,0.591674985144,97,0.977591717605
poisson_decay_promoted_prior,2022-23,0.003000000000,8,313,0.993218947708,0.591291441399,97,0.974893386131
poisson_decay_promoted_prior,2022-23,0.003000000000,16,313,0.992785415930,0.591086656866,97,0.973494464001
poisson_decay_promoted_prior,2022-23,0.003000000000,32,313,0.992757127623,0.591127131740,97,0.973403183174
poisson_decay_promoted_prior,2022-23,0.003000000000,64,313,0.992978624904,0.591326566871,97,0.974117911515
poisson_decay_promoted_prior,2023-24,0.001500000000,0,379,0.995622070392,0.588100301047,108,1.023574822568
poisson_decay_promoted_prior,2023-24,0.001500000000,4,379,0.984838571984,0.584655790328,108,0.985732730934
poisson_decay_promoted_prior,2023-24,0.001500000000,8,379,0.983672065128,0.583849240480,108,0.981639155947
poisson_decay_promoted_prior,2023-24,0.001500000000,16,379,0.982848193884,0.583250223997,108,0.978747978155
poisson_decay_promoted_prior,2023-24,0.001500000000,32,379,0.982419101142,0.582909857196,108,0.977242180478
poisson_decay_promoted_prior,2023-24,0.001500000000,64,379,0.982336358024,0.582809187639,108,0.976951813426
poisson_decay_promoted_prior,2023-24,0.003000000000,0,379,0.993416763045,0.586143149428,108,1.032634468254
poisson_decay_promoted_prior,2023-24,0.003000000000,4,379,0.981586882870,0.582938844497,108,0.991120351713
poisson_decay_promoted_prior,2023-24,0.003000000000,8,379,0.980366004200,0.582102172564,108,0.986835971934
poisson_decay_promoted_prior,2023-24,0.003000000000,16,379,0.979467524244,0.581440606297,108,0.983682972831
poisson_decay_promoted_prior,2023-24,0.003000000000,32,379,0.978934472313,0.581012329725,108,0.981812355407
poisson_decay_promoted_prior,2023-24,0.003000000000,64,379,0.978736680889,0.580816615369,108,0.981118254022
poisson_decay_promoted_prior,2024-25,0.001500000000,0,341,0.972797577707,0.577186286350,102,1.021692438483
poisson_decay_promoted_prior,2024-25,0.001500000000,4,341,0.969757730455,0.575066236713,102,1.011529811886
poisson_decay_promoted_prior,2024-25,0.001500000000,8,341,0.968997200579,0.574613403754,102,1.008987256125
poisson_decay_promoted_prior,2024-25,0.001500000000,16,341,0.968380036158,0.574269445327,102,1.006923990756
poisson_decay_promoted_prior,2024-25,0.001500000000,32,341,0.968016912436,0.574069978277,102,1.005710018313
poisson_decay_promoted_prior,2024-25,0.001500000000,64,341,0.967919429582,0.574017040993,102,1.005384119752
poisson_decay_promoted_prior,2024-25,0.003000000000,0,341,0.960719712656,0.568740450086,102,1.014988646272
poisson_decay_promoted_prior,2024-25,0.003000000000,4,341,0.957465758764,0.566339341276,102,1.004110231792
poisson_decay_promoted_prior,2024-25,0.003000000000,8,341,0.956565704890,0.565746399549,102,1.001101228152
poisson_decay_promoted_prior,2024-25,0.003000000000,16,341,0.955779446108,0.565240024369,102,0.998472657128
poisson_decay_promoted_prior,2024-25,0.003000000000,32,341,0.955292026489,0.564918803711,102,0.996843146440
poisson_decay_promoted_prior,2024-25,0.003000000000,64,341,0.955150785659,0.564815695905,102,0.996370958960
