season,previous_season,added_count,added_columns,removed_count,removed_columns
2017-18,,0,,0,
2018-19,2017-18,0,,3,LBA|LBD|LBH
2019-20,2018-19,62,AHCh|AHh|Avg<2.5|Avg>2.5|AvgA|AvgAHA|AvgAHH|AvgC<2.5|AvgC>2.5|AvgCA|AvgCAHA|AvgCAHH|AvgCD|AvgCH|AvgD|AvgH|B365<2.5|B365>2.5|B365AHA|B365AHH|B365C<2.5|B365C>2.5|B365CA|B365CAHA|B365CAHH|B365CD|B365CH|BWCA|BWCD|BWCH|IWCA|IWCD|IWCH|Max<2.5|Max>2.5|MaxA|MaxAHA|MaxAHH|MaxC<2.5|MaxC>2.5|MaxCA|MaxCAHA|MaxCAHH|MaxCD|MaxCH|MaxD|MaxH|P<2.5|P>2.5|PAHA|PAHH|PC<2.5|PC>2.5|PCAHA|PCAHH|Time|VCCA|VCCD|VCCH|WHCA|WHCD|WHCH,18,Bb1X2|BbAH|BbAHh|BbAv<2.5|BbAv>2.5|BbAvA|BbAvAHA|BbAvAHH|BbAvD|BbAvH|BbMx<2.5|BbMx>2.5|BbMxA|BbMxAHA|BbMxAHH|BbMxD|BbMxH|BbOU
2020-21,2019-20,0,,0,
2021-22,2020-21,0,,0,
2022-23,2021-22,0,,0,
2023-24,2022-23,0,,0,
2024-25,2023-24,26,1XBA|1XBCA|1XBCD|1XBCH|1XBD|1XBH|BFA|BFCA|BFCD|BFCH|BFD|BFE<2.5|BFE>2.5|BFEA|BFEAHA|BFEAHH|BFEC<2.5|BFEC>2.5|BFECA|BFECAHA|BFECAHH|BFECD|BFECH|BFED|BFEH|BFH,12,IWA|IWCA|IWCD|IWCH|IWD|IWH|VCA|VCCA|VCCD|VCCH|VCD|VCH
2025-26,2024-25,30,BFDA|BFDCA|BFDCD|BFDCH|BFDD|BFDH|BMGMA|BMGMCA|BMGMCD|BMGMCH|BMGMD|BMGMH|BVA|BVCA|BVCD|BVCH|BVD|BVH|CLA|CLCA|CLCD|CLCH|CLD|CLH|LBA|LBCA|LBCD|LBCH|LBD|LBH,18,1XBA|1XBCA|1XBCD|1XBCH|1XBD|1XBH|BFA|BFCA|BFCD|BFCH|BFD|BFH|WHA|WHCA|WHCD|WHCH|WHD|WHH
