season,column,present,position,dtype,non_null_count,missing_count,missing_rate
2017-18,Div,True,1,str,306,0,0.000000
2017-18,Date,True,2,str,306,0,0.000000
2017-18,HomeTeam,True,3,str,306,0,0.000000
2017-18,AwayTeam,True,4,str,306,0,0.000000
2017-18,FTHG,True,5,int64,306,0,0.000000
2017-18,FTAG,True,6,int64,306,0,0.000000
2017-18,FTR,True,7,str,306,0,0.000000
2017-18,HTHG,True,8,int64,306,0,0.000000
2017-18,HTAG,True,9,int64,306,0,0.000000
2017-18,HTR,True,10,str,306,0,0.000000
2017-18,HS,True,11,int64,306,0,0.000000
2017-18,AS,True,12,int64,306,0,0.000000
2017-18,HST,True,13,int64,306,0,0.000000
2017-18,AST,True,14,int64,306,0,0.000000
2017-18,HF,True,15,int64,306,0,0.000000
2017-18,AF,True,16,int64,306,0,0.000000
2017-18,HC,True,17,int64,306,0,0.000000
2017-18,AC,True,18,int64,306,0,0.000000
2017-18,HY,True,19,int64,306,0,0.000000
2017-18,AY,True,20,int64,306,0,0.000000
2017-18,HR,True,21,int64,306,0,0.000000
2017-18,AR,True,22,int64,306,0,0.000000
2017-18,B365H,True,23,float64,303,3,0.009804
2017-18,B365D,True,24,float64,303,3,0.009804
2017-18,B365A,True,25,float64,303,3,0.009804
2017-18,BWH,True,26,float64,305,1,0.003268
2017-18,BWD,True,27,float64,305,1,0.003268
2017-18,BWA,True,28,float64,305,1,0.003268
2017-18,IWH,True,29,float64,296,10,0.032680
2017-18,IWD,True,30,float64,296,10,0.032680
2017-18,IWA,True,31,float64,296,10,0.032680
2017-18,LBH,True,32,float64,298,8,0.026144
2017-18,LBD,True,33,float64,298,8,0.026144
2017-18,LBA,True,34,float64,298,8,0.026144
2017-18,PSH,True,35,float64,295,11,0.035948
2017-18,PSD,True,36,float64,295,11,0.035948
2017-18,PSA,True,37,float64,295,11,0.035948
2017-18,WHH,True,38,float64,302,4,0.013072
2017-18,WHD,True,39,float64,302,4,0.013072
2017-18,WHA,True,40,float64,302,4,0.013072
2017-18,VCH,True,41,float64,304,2,0.006536
2017-18,VCD,True,42,float64,304,2,0.006536
2017-18,VCA,True,43,float64,304,2,0.006536
2017-18,Bb1X2,True,44,int64,306,0,0.000000
2017-18,BbMxH,True,45,float64,306,0,0.000000
2017-18,BbAvH,True,46,float64,306,0,0.000000
2017-18,BbMxD,True,47,float64,306,0,0.000000
2017-18,BbAvD,True,48,float64,306,0,0.000000
2017-18,BbMxA,True,49,float64,306,0,0.000000
2017-18,BbAvA,True,50,float64,306,0,0.000000
2017-18,BbOU,True,51,int64,306,0,0.000000
2017-18,BbMx>2.5,True,52,float64,306,0,0.000000
2017-18,BbAv>2.5,True,53,float64,306,0,0.000000
2017-18,BbMx<2.5,True,54,float64,306,0,0.000000
2017-18,BbAv<2.5,True,55,float64,306,0,0.000000
2017-18,BbAH,True,56,int64,306,0,0.000000
2017-18,BbAHh,True,57,float64,306,0,0.000000
2017-18,BbMxAHH,True,58,float64,306,0,0.000000
2017-18,BbAvAHH,True,59,float64,306,0,0.000000
2017-18,BbMxAHA,True,60,float64,306,0,0.000000
2017-18,BbAvAHA,True,61,float64,306,0,0.000000
2017-18,PSCH,True,62,float64,303,3,0.009804
2017-18,PSCD,True,63,float64,303,3,0.009804
2017-18,PSCA,True,64,float64,303,3,0.009804
2017-18,Time,False,,,0,306,1.000000
2017-18,MaxH,False,,,0,306,1.000000
2017-18,MaxD,False,,,0,306,1.000000
2017-18,MaxA,False,,,0,306,1.000000
2017-18,AvgH,False,,,0,306,1.000000
2017-18,AvgD,False,,,0,306,1.000000
2017-18,AvgA,False,,,0,306,1.000000
2017-18,B365>2.5,False,,,0,306,1.000000
2017-18,B365<2.5,False,,,0,306,1.000000
2017-18,P>2.5,False,,,0,306,1.000000
2017-18,P<2.5,False,,,0,306,1.000000
2017-18,Max>2.5,False,,,0,306,1.000000
2017-18,Max<2.5,False,,,0,306,1.000000
2017-18,Avg>2.5,False,,,0,306,1.000000
2017-18,Avg<2.5,False,,,0,306,1.000000
2017-18,AHh,False,,,0,306,1.000000
2017-18,B365AHH,False,,,0,306,1.000000
2017-18,B365AHA,False,,,0,306,1.000000
2017-18,PAHH,False,,,0,306,1.000000
2017-18,PAHA,False,,,0,306,1.000000
2017-18,MaxAHH,False,,,0,306,1.000000
2017-18,MaxAHA,False,,,0,306,1.000000
2017-18,AvgAHH,False,,,0,306,1.000000
2017-18,AvgAHA,False,,,0,306,1.000000
2017-18,B365CH,False,,,0,306,1.000000
2017-18,B365CD,False,,,0,306,1.000000
2017-18,B365CA,False,,,0,306,1.000000
2017-18,BWCH,False,,,0,306,1.000000
2017-18,BWCD,False,,,0,306,1.000000
2017-18,BWCA,False,,,0,306,1.000000
2017-18,IWCH,False,,,0,306,1.000000
2017-18,IWCD,False,,,0,306,1.000000
2017-18,IWCA,False,,,0,306,1.000000
2017-18,WHCH,False,,,0,306,1.000000
2017-18,WHCD,False,,,0,306,1.000000
2017-18,WHCA,False,,,0,306,1.000000
2017-18,VCCH,False,,,0,306,1.000000
2017-18,VCCD,False,,,0,306,1.000000
2017-18,VCCA,False,,,0,306,1.000000
2017-18,MaxCH,False,,,0,306,1.000000
2017-18,MaxCD,False,,,0,306,1.000000
2017-18,MaxCA,False,,,0,306,1.000000
2017-18,AvgCH,False,,,0,306,1.000000
2017-18,AvgCD,False,,,0,306,1.000000
2017-18,AvgCA,False,,,0,306,1.000000
2017-18,B365C>2.5,False,,,0,306,1.000000
2017-18,B365C<2.5,False,,,0,306,1.000000
2017-18,PC>2.5,False,,,0,306,1.000000
2017-18,PC<2.5,False,,,0,306,1.000000
2017-18,MaxC>2.5,False,,,0,306,1.000000
2017-18,MaxC<2.5,False,,,0,306,1.000000
2017-18,AvgC>2.5,False,,,0,306,1.000000
2017-18,AvgC<2.5,False,,,0,306,1.000000
2017-18,AHCh,False,,,0,306,1.000000
2017-18,B365CAHH,False,,,0,306,1.000000
2017-18,B365CAHA,False,,,0,306,1.000000
2017-18,PCAHH,False,,,0,306,1.000000
2017-18,PCAHA,False,,,0,306,1.000000
2017-18,MaxCAHH,False,,,0,306,1.000000
2017-18,MaxCAHA,False,,,0,306,1.000000
2017-18,AvgCAHH,False,,,0,306,1.000000
2017-18,AvgCAHA,False,,,0,306,1.000000
2017-18,BFH,False,,,0,306,1.000000
2017-18,BFD,False,,,0,306,1.000000
2017-18,BFA,False,,,0,306,1.000000
2017-18,1XBH,False,,,0,306,1.000000
2017-18,1XBD,False,,,0,306,1.000000
2017-18,1XBA,False,,,0,306,1.000000
2017-18,BFEH,False,,,0,306,1.000000
2017-18,BFED,False,,,0,306,1.000000
2017-18,BFEA,False,,,0,306,1.000000
2017-18,BFE>2.5,False,,,0,306,1.000000
2017-18,BFE<2.5,False,,,0,306,1.000000
2017-18,BFEAHH,False,,,0,306,1.000000
2017-18,BFEAHA,False,,,0,306,1.000000
2017-18,BFCH,False,,,0,306,1.000000
2017-18,BFCD,False,,,0,306,1.000000
2017-18,BFCA,False,,,0,306,1.000000
2017-18,1XBCH,False,,,0,306,1.000000
2017-18,1XBCD,False,,,0,306,1.000000
2017-18,1XBCA,False,,,0,306,1.000000
2017-18,BFECH,False,,,0,306,1.000000
2017-18,BFECD,False,,,0,306,1.000000
2017-18,BFECA,False,,,0,306,1.000000
2017-18,BFEC>2.5,False,,,0,306,1.000000
2017-18,BFEC<2.5,False,,,0,306,1.000000
2017-18,BFECAHH,False,,,0,306,1.000000
2017-18,BFECAHA,False,,,0,306,1.000000
2017-18,BFDH,False,,,0,306,1.000000
2017-18,BFDD,False,,,0,306,1.000000
2017-18,BFDA,False,,,0,306,1.000000
2017-18,BMGMH,False,,,0,306,1.000000
2017-18,BMGMD,False,,,0,306,1.000000
2017-18,BMGMA,False,,,0,306,1.000000
2017-18,BVH,False,,,0,306,1.000000
2017-18,BVD,False,,,0,306,1.000000
2017-18,BVA,False,,,0,306,1.000000
2017-18,CLH,False,,,0,306,1.000000
2017-18,CLD,False,,,0,306,1.000000
2017-18,CLA,False,,,0,306,1.000000
2017-18,BFDCH,False,,,0,306,1.000000
2017-18,BFDCD,False,,,0,306,1.000000
2017-18,BFDCA,False,,,0,306,1.000000
2017-18,BMGMCH,False,,,0,306,1.000000
2017-18,BMGMCD,False,,,0,306,1.000000
2017-18,BMGMCA,False,,,0,306,1.000000
2017-18,BVCH,False,,,0,306,1.000000
2017-18,BVCD,False,,,0,306,1.000000
2017-18,BVCA,False,,,0,306,1.000000
2017-18,CLCH,False,,,0,306,1.000000
2017-18,CLCD,False,,,0,306,1.000000
2017-18,CLCA,False,,,0,306,1.000000
2017-18,LBCH,False,,,0,306,1.000000
2017-18,LBCD,False,,,0,306,1.000000
2017-18,LBCA,False,,,0,306,1.000000
2018-19,Div,True,1,str,306,0,0.000000
2018-19,Date,True,2,str,306,0,0.000000
2018-19,HomeTeam,True,3,str,306,0,0.000000
2018-19,AwayTeam,True,4,str,306,0,0.000000
2018-19,FTHG,True,5,int64,306,0,0.000000
2018-19,FTAG,True,6,int64,306,0,0.000000
2018-19,FTR,True,7,str,306,0,0.000000
2018-19,HTHG,True,8,int64,306,0,0.000000
2018-19,HTAG,True,9,int64,306,0,0.000000
2018-19,HTR,True,10,str,306,0,0.000000
2018-19,HS,True,11,int64,306,0,0.000000
2018-19,AS,True,12,int64,306,0,0.000000
2018-19,HST,True,13,int64,306,0,0.000000
2018-19,AST,True,14,int64,306,0,0.000000
2018-19,HF,True,15,int64,306,0,0.000000
2018-19,AF,True,16,int64,306,0,0.000000
2018-19,HC,True,17,int64,306,0,0.000000
2018-19,AC,True,18,int64,306,0,0.000000
2018-19,HY,True,19,int64,306,0,0.000000
2018-19,AY,True,20,int64,306,0,0.000000
2018-19,HR,True,21,int64,306,0,0.000000
2018-19,AR,True,22,float64,305,1,0.003268
2018-19,B365H,True,23,float64,306,0,0.000000
2018-19,B365D,True,24,float64,306,0,0.000000
2018-19,B365A,True,25,float64,306,0,0.000000
2018-19,BWH,True,26,float64,305,1,0.003268
2018-19,BWD,True,27,float64,305,1,0.003268
2018-19,BWA,True,28,float64,305,1,0.003268
2018-19,IWH,True,29,float64,305,1,0.003268
2018-19,IWD,True,30,float64,305,1,0.003268
2018-19,IWA,True,31,float64,305,1,0.003268
2018-19,LBH,False,,,0,306,1.000000
2018-19,LBD,False,,,0,306,1.000000
2018-19,LBA,False,,,0,306,1.000000
2018-19,PSH,True,32,float64,306,0,0.000000
2018-19,PSD,True,33,float64,306,0,0.000000
2018-19,PSA,True,34,float64,306,0,0.000000
2018-19,WHH,True,35,float64,303,3,0.009804
2018-19,WHD,True,36,float64,303,3,0.009804
2018-19,WHA,True,37,float64,303,3,0.009804
2018-19,VCH,True,38,float64,306,0,0.000000
2018-19,VCD,True,39,float64,306,0,0.000000
2018-19,VCA,True,40,float64,306,0,0.000000
2018-19,Bb1X2,True,41,int64,306,0,0.000000
2018-19,BbMxH,True,42,float64,306,0,0.000000
2018-19,BbAvH,True,43,float64,306,0,0.000000
2018-19,BbMxD,True,44,float64,306,0,0.000000
2018-19,BbAvD,True,45,float64,306,0,0.000000
2018-19,BbMxA,True,46,float64,306,0,0.000000
2018-19,BbAvA,True,47,float64,306,0,0.000000
2018-19,BbOU,True,48,int64,306,0,0.000000
2018-19,BbMx>2.5,True,49,float64,306,0,0.000000
2018-19,BbAv>2.5,True,50,float64,306,0,0.000000
2018-19,BbMx<2.5,True,51,float64,306,0,0.000000
2018-19,BbAv<2.5,True,52,float64,306,0,0.000000
2018-19,BbAH,True,53,int64,306,0,0.000000
2018-19,BbAHh,True,54,float64,306,0,0.000000
2018-19,BbMxAHH,True,55,float64,306,0,0.000000
2018-19,BbAvAHH,True,56,float64,306,0,0.000000
2018-19,BbMxAHA,True,57,float64,306,0,0.000000
2018-19,BbAvAHA,True,58,float64,306,0,0.000000
2018-19,PSCH,True,59,float64,306,0,0.000000
2018-19,PSCD,True,60,float64,306,0,0.000000
2018-19,PSCA,True,61,float64,306,0,0.000000
2018-19,Time,False,,,0,306,1.000000
2018-19,MaxH,False,,,0,306,1.000000
2018-19,MaxD,False,,,0,306,1.000000
2018-19,MaxA,False,,,0,306,1.000000
2018-19,AvgH,False,,,0,306,1.000000
2018-19,AvgD,False,,,0,306,1.000000
2018-19,AvgA,False,,,0,306,1.000000
2018-19,B365>2.5,False,,,0,306,1.000000
2018-19,B365<2.5,False,,,0,306,1.000000
2018-19,P>2.5,False,,,0,306,1.000000
2018-19,P<2.5,False,,,0,306,1.000000
2018-19,Max>2.5,False,,,0,306,1.000000
2018-19,Max<2.5,False,,,0,306,1.000000
2018-19,Avg>2.5,False,,,0,306,1.000000
2018-19,Avg<2.5,False,,,0,306,1.000000
2018-19,AHh,False,,,0,306,1.000000
2018-19,B365AHH,False,,,0,306,1.000000
2018-19,B365AHA,False,,,0,306,1.000000
2018-19,PAHH,False,,,0,306,1.000000
2018-19,PAHA,False,,,0,306,1.000000
2018-19,MaxAHH,False,,,0,306,1.000000
2018-19,MaxAHA,False,,,0,306,1.000000
2018-19,AvgAHH,False,,,0,306,1.000000
2018-19,AvgAHA,False,,,0,306,1.000000
2018-19,B365CH,False,,,0,306,1.000000
2018-19,B365CD,False,,,0,306,1.000000
2018-19,B365CA,False,,,0,306,1.000000
2018-19,BWCH,False,,,0,306,1.000000
2018-19,BWCD,False,,,0,306,1.000000
2018-19,BWCA,False,,,0,306,1.000000
2018-19,IWCH,False,,,0,306,1.000000
2018-19,IWCD,False,,,0,306,1.000000
2018-19,IWCA,False,,,0,306,1.000000
2018-19,WHCH,False,,,0,306,1.000000
2018-19,WHCD,False,,,0,306,1.000000
2018-19,WHCA,False,,,0,306,1.000000
2018-19,VCCH,False,,,0,306,1.000000
2018-19,VCCD,False,,,0,306,1.000000
2018-19,VCCA,False,,,0,306,1.000000
2018-19,MaxCH,False,,,0,306,1.000000
2018-19,MaxCD,False,,,0,306,1.000000
2018-19,MaxCA,False,,,0,306,1.000000
2018-19,AvgCH,False,,,0,306,1.000000
2018-19,AvgCD,False,,,0,306,1.000000
2018-19,AvgCA,False,,,0,306,1.000000
2018-19,B365C>2.5,False,,,0,306,1.000000
2018-19,B365C<2.5,False,,,0,306,1.000000
2018-19,PC>2.5,False,,,0,306,1.000000
2018-19,PC<2.5,False,,,0,306,1.000000
2018-19,MaxC>2.5,False,,,0,306,1.000000
2018-19,MaxC<2.5,False,,,0,306,1.000000
2018-19,AvgC>2.5,False,,,0,306,1.000000
2018-19,AvgC<2.5,False,,,0,306,1.000000
2018-19,AHCh,False,,,0,306,1.000000
2018-19,B365CAHH,False,,,0,306,1.000000
2018-19,B365CAHA,False,,,0,306,1.000000
2018-19,PCAHH,False,,,0,306,1.000000
2018-19,PCAHA,False,,,0,306,1.000000
2018-19,MaxCAHH,False,,,0,306,1.000000
2018-19,MaxCAHA,False,,,0,306,1.000000
2018-19,AvgCAHH,False,,,0,306,1.000000
2018-19,AvgCAHA,False,,,0,306,1.000000
2018-19,BFH,False,,,0,306,1.000000
2018-19,BFD,False,,,0,306,1.000000
2018-19,BFA,False,,,0,306,1.000000
2018-19,1XBH,False,,,0,306,1.000000
2018-19,1XBD,False,,,0,306,1.000000
2018-19,1XBA,False,,,0,306,1.000000
2018-19,BFEH,False,,,0,306,1.000000
2018-19,BFED,False,,,0,306,1.000000
2018-19,BFEA,False,,,0,306,1.000000
2018-19,BFE>2.5,False,,,0,306,1.000000
2018-19,BFE<2.5,False,,,0,306,1.000000
2018-19,BFEAHH,False,,,0,306,1.000000
2018-19,BFEAHA,False,,,0,306,1.000000
2018-19,BFCH,False,,,0,306,1.000000
2018-19,BFCD,False,,,0,306,1.000000
2018-19,BFCA,False,,,0,306,1.000000
2018-19,1XBCH,False,,,0,306,1.000000
2018-19,1XBCD,False,,,0,306,1.000000
2018-19,1XBCA,False,,,0,306,1.000000
2018-19,BFECH,False,,,0,306,1.000000
2018-19,BFECD,False,,,0,306,1.000000
2018-19,BFECA,False,,,0,306,1.000000
2018-19,BFEC>2.5,False,,,0,306,1.000000
2018-19,BFEC<2.5,False,,,0,306,1.000000
2018-19,BFECAHH,False,,,0,306,1.000000
2018-19,BFECAHA,False,,,0,306,1.000000
2018-19,BFDH,False,,,0,306,1.000000
2018-19,BFDD,False,,,0,306,1.000000
2018-19,BFDA,False,,,0,306,1.000000
2018-19,BMGMH,False,,,0,306,1.000000
2018-19,BMGMD,False,,,0,306,1.000000
2018-19,BMGMA,False,,,0,306,1.000000
2018-19,BVH,False,,,0,306,1.000000
2018-19,BVD,False,,,0,306,1.000000
2018-19,BVA,False,,,0,306,1.000000
2018-19,CLH,False,,,0,306,1.000000
2018-19,CLD,False,,,0,306,1.000000
2018-19,CLA,False,,,0,306,1.000000
2018-19,BFDCH,False,,,0,306,1.000000
2018-19,BFDCD,False,,,0,306,1.000000
2018-19,BFDCA,False,,,0,306,1.000000
2018-19,BMGMCH,False,,,0,306,1.000000
2018-19,BMGMCD,False,,,0,306,1.000000
2018-19,BMGMCA,False,,,0,306,1.000000
2018-19,BVCH,False,,,0,306,1.000000
2018-19,BVCD,False,,,0,306,1.000000
2018-19,BVCA,False,,,0,306,1.000000
2018-19,CLCH,False,,,0,306,1.000000
2018-19,CLCD,False,,,0,306,1.000000
2018-19,CLCA,False,,,0,306,1.000000
2018-19,LBCH,False,,,0,306,1.000000
2018-19,LBCD,False,,,0,306,1.000000
2018-19,LBCA,False,,,0,306,1.000000
2019-20,Div,True,1,str,306,0,0.000000
2019-20,Date,True,2,str,306,0,0.000000
2019-20,HomeTeam,True,4,str,306,0,0.000000
2019-20,AwayTeam,True,5,str,306,0,0.000000
2019-20,FTHG,True,6,int64,306,0,0.000000
2019-20,FTAG,True,7,int64,306,0,0.000000
2019-20,FTR,True,8,str,306,0,0.000000
2019-20,HTHG,True,9,int64,306,0,0.000000
2019-20,HTAG,True,10,int64,306,0,0.000000
2019-20,HTR,True,11,str,306,0,0.000000
2019-20,HS,True,12,int64,306,0,0.000000
2019-20,AS,True,13,int64,306,0,0.000000
2019-20,HST,True,14,int64,306,0,0.000000
2019-20,AST,True,15,int64,306,0,0.000000
2019-20,HF,True,16,int64,306,0,0.000000
2019-20,AF,True,17,int64,306,0,0.000000
2019-20,HC,True,18,int64,306,0,0.000000
2019-20,AC,True,19,int64,306,0,0.000000
2019-20,HY,True,20,int64,306,0,0.000000
2019-20,AY,True,21,int64,306,0,0.000000
2019-20,HR,True,22,int64,306,0,0.000000
2019-20,AR,True,23,int64,306,0,0.000000
2019-20,B365H,True,24,float64,306,0,0.000000
2019-20,B365D,True,25,float64,306,0,0.000000
2019-20,B365A,True,26,float64,306,0,0.000000
2019-20,BWH,True,27,float64,306,0,0.000000
2019-20,BWD,True,28,float64,306,0,0.000000
2019-20,BWA,True,29,float64,306,0,0.000000
2019-20,IWH,True,30,float64,306,0,0.000000
2019-20,IWD,True,31,float64,306,0,0.000000
2019-20,IWA,True,32,float64,306,0,0.000000
2019-20,LBH,False,,,0,306,1.000000
2019-20,LBD,False,,,0,306,1.000000
2019-20,LBA,False,,,0,306,1.000000
2019-20,PSH,True,33,float64,302,4,0.013072
2019-20,PSD,True,34,float64,302,4,0.013072
2019-20,PSA,True,35,float64,302,4,0.013072
2019-20,WHH,True,36,float64,306,0,0.000000
2019-20,WHD,True,37,float64,306,0,0.000000
2019-20,WHA,True,38,float64,306,0,0.000000
2019-20,VCH,True,39,float64,305,1,0.003268
2019-20,VCD,True,40,float64,305,1,0.003268
2019-20,VCA,True,41,float64,305,1,0.003268
2019-20,Bb1X2,False,,,0,306,1.000000
2019-20,BbMxH,False,,,0,306,1.000000
2019-20,BbAvH,False,,,0,306,1.000000
2019-20,BbMxD,False,,,0,306,1.000000
2019-20,BbAvD,False,,,0,306,1.000000
2019-20,BbMxA,False,,,0,306,1.000000
2019-20,BbAvA,False,,,0,306,1.000000
2019-20,BbOU,False,,,0,306,1.000000
2019-20,BbMx>2.5,False,,,0,306,1.000000
2019-20,BbAv>2.5,False,,,0,306,1.000000
2019-20,BbMx<2.5,False,,,0,306,1.000000
2019-20,BbAv<2.5,False,,,0,306,1.000000
2019-20,BbAH,False,,,0,306,1.000000
2019-20,BbAHh,False,,,0,306,1.000000
2019-20,BbMxAHH,False,,,0,306,1.000000
2019-20,BbAvAHH,False,,,0,306,1.000000
2019-20,BbMxAHA,False,,,0,306,1.000000
2019-20,BbAvAHA,False,,,0,306,1.000000
2019-20,PSCH,True,74,float64,306,0,0.000000
2019-20,PSCD,True,75,float64,306,0,0.000000
2019-20,PSCA,True,76,float64,306,0,0.000000
2019-20,Time,True,3,str,306,0,0.000000
2019-20,MaxH,True,42,float64,306,0,0.000000
2019-20,MaxD,True,43,float64,306,0,0.000000
2019-20,MaxA,True,44,float64,306,0,0.000000
2019-20,AvgH,True,45,float64,306,0,0.000000
2019-20,AvgD,True,46,float64,306,0,0.000000
2019-20,AvgA,True,47,float64,306,0,0.000000
2019-20,B365>2.5,True,48,float64,306,0,0.000000
2019-20,B365<2.5,True,49,float64,306,0,0.000000
2019-20,P>2.5,True,50,float64,302,4,0.013072
2019-20,P<2.5,True,51,float64,302,4,0.013072
2019-20,Max>2.5,True,52,float64,306,0,0.000000
2019-20,Max<2.5,True,53,float64,306,0,0.000000
2019-20,Avg>2.5,True,54,float64,306,0,0.000000
2019-20,Avg<2.5,True,55,float64,306,0,0.000000
2019-20,AHh,True,56,float64,306,0,0.000000
2019-20,B365AHH,True,57,float64,302,4,0.013072
2019-20,B365AHA,True,58,float64,302,4,0.013072
2019-20,PAHH,True,59,float64,302,4,0.013072
2019-20,PAHA,True,60,float64,302,4,0.013072
2019-20,MaxAHH,True,61,float64,306,0,0.000000
2019-20,MaxAHA,True,62,float64,306,0,0.000000
2019-20,AvgAHH,True,63,float64,306,0,0.000000
2019-20,AvgAHA,True,64,float64,306,0,0.000000
2019-20,B365CH,True,65,float64,306,0,0.000000
2019-20,B365CD,True,66,float64,306,0,0.000000
2019-20,B365CA,True,67,float64,306,0,0.000000
2019-20,BWCH,True,68,float64,306,0,0.000000
2019-20,BWCD,True,69,float64,306,0,0.000000
2019-20,BWCA,True,70,float64,306,0,0.000000
2019-20,IWCH,True,71,float64,306,0,0.000000
2019-20,IWCD,True,72,float64,306,0,0.000000
2019-20,IWCA,True,73,float64,306,0,0.000000
2019-20,WHCH,True,77,float64,306,0,0.000000
2019-20,WHCD,True,78,float64,306,0,0.000000
2019-20,WHCA,True,79,float64,306,0,0.000000
2019-20,VCCH,True,80,float64,306,0,0.000000
2019-20,VCCD,True,81,float64,306,0,0.000000
2019-20,VCCA,True,82,float64,306,0,0.000000
2019-20,MaxCH,True,83,float64,306,0,0.000000
2019-20,MaxCD,True,84,float64,306,0,0.000000
2019-20,MaxCA,True,85,float64,306,0,0.000000
2019-20,AvgCH,True,86,float64,306,0,0.000000
2019-20,AvgCD,True,87,float64,306,0,0.000000
2019-20,AvgCA,True,88,float64,306,0,0.000000
2019-20,B365C>2.5,True,89,float64,306,0,0.000000
2019-20,B365C<2.5,True,90,float64,306,0,0.000000
2019-20,PC>2.5,True,91,float64,306,0,0.000000
2019-20,PC<2.5,True,92,float64,306,0,0.000000
2019-20,MaxC>2.5,True,93,float64,306,0,0.000000
2019-20,MaxC<2.5,True,94,float64,306,0,0.000000
2019-20,AvgC>2.5,True,95,float64,306,0,0.000000
2019-20,AvgC<2.5,True,96,float64,306,0,0.000000
2019-20,AHCh,True,97,float64,306,0,0.000000
2019-20,B365CAHH,True,98,float64,305,1,0.003268
2019-20,B365CAHA,True,99,float64,305,1,0.003268
2019-20,PCAHH,True,100,float64,306,0,0.000000
2019-20,PCAHA,True,101,float64,306,0,0.000000
2019-20,MaxCAHH,True,102,float64,306,0,0.000000
2019-20,MaxCAHA,True,103,float64,306,0,0.000000
2019-20,AvgCAHH,True,104,float64,306,0,0.000000
2019-20,AvgCAHA,True,105,float64,306,0,0.000000
2019-20,BFH,False,,,0,306,1.000000
2019-20,BFD,False,,,0,306,1.000000
2019-20,BFA,False,,,0,306,1.000000
2019-20,1XBH,False,,,0,306,1.000000
2019-20,1XBD,False,,,0,306,1.000000
2019-20,1XBA,False,,,0,306,1.000000
2019-20,BFEH,False,,,0,306,1.000000
2019-20,BFED,False,,,0,306,1.000000
2019-20,BFEA,False,,,0,306,1.000000
2019-20,BFE>2.5,False,,,0,306,1.000000
2019-20,BFE<2.5,False,,,0,306,1.000000
2019-20,BFEAHH,False,,,0,306,1.000000
2019-20,BFEAHA,False,,,0,306,1.000000
2019-20,BFCH,False,,,0,306,1.000000
2019-20,BFCD,False,,,0,306,1.000000
2019-20,BFCA,False,,,0,306,1.000000
2019-20,1XBCH,False,,,0,306,1.000000
2019-20,1XBCD,False,,,0,306,1.000000
2019-20,1XBCA,False,,,0,306,1.000000
2019-20,BFECH,False,,,0,306,1.000000
2019-20,BFECD,False,,,0,306,1.000000
2019-20,BFECA,False,,,0,306,1.000000
2019-20,BFEC>2.5,False,,,0,306,1.000000
2019-20,BFEC<2.5,False,,,0,306,1.000000
2019-20,BFECAHH,False,,,0,306,1.000000
2019-20,BFECAHA,False,,,0,306,1.000000
2019-20,BFDH,False,,,0,306,1.000000
2019-20,BFDD,False,,,0,306,1.000000
2019-20,BFDA,False,,,0,306,1.000000
2019-20,BMGMH,False,,,0,306,1.000000
2019-20,BMGMD,False,,,0,306,1.000000
2019-20,BMGMA,False,,,0,306,1.000000
2019-20,BVH,False,,,0,306,1.000000
2019-20,BVD,False,,,0,306,1.000000
2019-20,BVA,False,,,0,306,1.000000
2019-20,CLH,False,,,0,306,1.000000
2019-20,CLD,False,,,0,306,1.000000
2019-20,CLA,False,,,0,306,1.000000
2019-20,BFDCH,False,,,0,306,1.000000
2019-20,BFDCD,False,,,0,306,1.000000
2019-20,BFDCA,False,,,0,306,1.000000
2019-20,BMGMCH,False,,,0,306,1.000000
2019-20,BMGMCD,False,,,0,306,1.000000
2019-20,BMGMCA,False,,,0,306,1.000000
2019-20,BVCH,False,,,0,306,1.000000
2019-20,BVCD,False,,,0,306,1.000000
2019-20,BVCA,False,,,0,306,1.000000
2019-20,CLCH,False,,,0,306,1.000000
2019-20,CLCD,False,,,0,306,1.000000
2019-20,CLCA,False,,,0,306,1.000000
2019-20,LBCH,False,,,0,306,1.000000
2019-20,LBCD,False,,,0,306,1.000000
2019-20,LBCA,False,,,0,306,1.000000
2020-21,Div,True,1,str,420,0,0.000000
2020-21,Date,True,2,str,420,0,0.000000
2020-21,HomeTeam,True,4,str,420,0,0.000000
2020-21,AwayTeam,True,5,str,420,0,0.000000
2020-21,FTHG,True,6,int64,420,0,0.000000
2020-21,FTAG,True,7,int64,420,0,0.000000
2020-21,FTR,True,8,str,420,0,0.000000
2020-21,HTHG,True,9,int64,420,0,0.000000
2020-21,HTAG,True,10,int64,420,0,0.000000
2020-21,HTR,True,11,str,420,0,0.000000
2020-21,HS,True,12,int64,420,0,0.000000
2020-21,AS,True,13,int64,420,0,0.000000
2020-21,HST,True,14,int64,420,0,0.000000
2020-21,AST,True,15,int64,420,0,0.000000
2020-21,HF,True,16,int64,420,0,0.000000
2020-21,AF,True,17,int64,420,0,0.000000
2020-21,HC,True,18,int64,420,0,0.000000
2020-21,AC,True,19,int64,420,0,0.000000
2020-21,HY,True,20,int64,420,0,0.000000
2020-21,AY,True,21,int64,420,0,0.000000
2020-21,HR,True,22,int64,420,0,0.000000
2020-21,AR,True,23,int64,420,0,0.000000
2020-21,B365H,True,24,float64,415,5,0.011905
2020-21,B365D,True,25,float64,415,5,0.011905
2020-21,B365A,True,26,float64,415,5,0.011905
2020-21,BWH,True,27,float64,417,3,0.007143
2020-21,BWD,True,28,float64,417,3,0.007143
2020-21,BWA,True,29,float64,417,3,0.007143
2020-21,IWH,True,30,float64,418,2,0.004762
2020-21,IWD,True,31,float64,418,2,0.004762
2020-21,IWA,True,32,float64,418,2,0.004762
2020-21,LBH,False,,,0,420,1.000000
2020-21,LBD,False,,,0,420,1.000000
2020-21,LBA,False,,,0,420,1.000000
2020-21,PSH,True,33,float64,420,0,0.000000
2020-21,PSD,True,34,float64,420,0,0.000000
2020-21,PSA,True,35,float64,420,0,0.000000
2020-21,WHH,True,36,float64,419,1,0.002381
2020-21,WHD,True,37,float64,419,1,0.002381
2020-21,WHA,True,38,float64,419,1,0.002381
2020-21,VCH,True,39,float64,419,1,0.002381
2020-21,VCD,True,40,float64,419,1,0.002381
2020-21,VCA,True,41,float64,419,1,0.002381
2020-21,Bb1X2,False,,,0,420,1.000000
2020-21,BbMxH,False,,,0,420,1.000000
2020-21,BbAvH,False,,,0,420,1.000000
2020-21,BbMxD,False,,,0,420,1.000000
2020-21,BbAvD,False,,,0,420,1.000000
2020-21,BbMxA,False,,,0,420,1.000000
2020-21,BbAvA,False,,,0,420,1.000000
2020-21,BbOU,False,,,0,420,1.000000
2020-21,BbMx>2.5,False,,,0,420,1.000000
2020-21,BbAv>2.5,False,,,0,420,1.000000
2020-21,BbMx<2.5,False,,,0,420,1.000000
2020-21,BbAv<2.5,False,,,0,420,1.000000
2020-21,BbAH,False,,,0,420,1.000000
2020-21,BbAHh,False,,,0,420,1.000000
2020-21,BbMxAHH,False,,,0,420,1.000000
2020-21,BbAvAHH,False,,,0,420,1.000000
2020-21,BbMxAHA,False,,,0,420,1.000000
2020-21,BbAvAHA,False,,,0,420,1.000000
2020-21,PSCH,True,74,float64,420,0,0.000000
2020-21,PSCD,True,75,float64,420,0,0.000000
2020-21,PSCA,True,76,float64,420,0,0.000000
2020-21,Time,True,3,str,420,0,0.000000
2020-21,MaxH,True,42,float64,420,0,0.000000
2020-21,MaxD,True,43,float64,420,0,0.000000
2020-21,MaxA,True,44,float64,420,0,0.000000
2020-21,AvgH,True,45,float64,420,0,0.000000
2020-21,AvgD,True,46,float64,420,0,0.000000
2020-21,AvgA,True,47,float64,420,0,0.000000
2020-21,B365>2.5,True,48,float64,417,3,0.007143
2020-21,B365<2.5,True,49,float64,417,3,0.007143
2020-21,P>2.5,True,50,float64,420,0,0.000000
2020-21,P<2.5,True,51,float64,420,0,0.000000
2020-21,Max>2.5,True,52,float64,420,0,0.000000
2020-21,Max<2.5,True,53,float64,420,0,0.000000
2020-21,Avg>2.5,True,54,float64,420,0,0.000000
2020-21,Avg<2.5,True,55,float64,420,0,0.000000
2020-21,AHh,True,56,float64,420,0,0.000000
2020-21,B365AHH,True,57,float64,416,4,0.009524
2020-21,B365AHA,True,58,float64,416,4,0.009524
2020-21,PAHH,True,59,float64,420,0,0.000000
2020-21,PAHA,True,60,float64,420,0,0.000000
2020-21,MaxAHH,True,61,float64,420,0,0.000000
2020-21,MaxAHA,True,62,float64,420,0,0.000000
2020-21,AvgAHH,True,63,float64,420,0,0.000000
2020-21,AvgAHA,True,64,float64,420,0,0.000000
2020-21,B365CH,True,65,float64,420,0,0.000000
2020-21,B365CD,True,66,float64,420,0,0.000000
2020-21,B365CA,True,67,float64,420,0,0.000000
2020-21,BWCH,True,68,float64,420,0,0.000000
2020-21,BWCD,True,69,float64,420,0,0.000000
2020-21,BWCA,True,70,float64,420,0,0.000000
2020-21,IWCH,True,71,float64,420,0,0.000000
2020-21,IWCD,True,72,float64,420,0,0.000000
2020-21,IWCA,True,73,float64,420,0,0.000000
2020-21,WHCH,True,77,float64,420,0,0.000000
2020-21,WHCD,True,78,float64,420,0,0.000000
2020-21,WHCA,True,79,float64,420,0,0.000000
2020-21,VCCH,True,80,float64,420,0,0.000000
2020-21,VCCD,True,81,float64,420,0,0.000000
2020-21,VCCA,True,82,float64,420,0,0.000000
2020-21,MaxCH,True,83,float64,420,0,0.000000
2020-21,MaxCD,True,84,float64,420,0,0.000000
2020-21,MaxCA,True,85,float64,420,0,0.000000
2020-21,AvgCH,True,86,float64,420,0,0.000000
2020-21,AvgCD,True,87,float64,420,0,0.000000
2020-21,AvgCA,True,88,float64,420,0,0.000000
2020-21,B365C>2.5,True,89,float64,420,0,0.000000
2020-21,B365C<2.5,True,90,float64,420,0,0.000000
2020-21,PC>2.5,True,91,float64,420,0,0.000000
2020-21,PC<2.5,True,92,float64,420,0,0.000000
2020-21,MaxC>2.5,True,93,float64,420,0,0.000000
2020-21,MaxC<2.5,True,94,float64,420,0,0.000000
2020-21,AvgC>2.5,True,95,float64,420,0,0.000000
2020-21,AvgC<2.5,True,96,float64,420,0,0.000000
2020-21,AHCh,True,97,float64,420,0,0.000000
2020-21,B365CAHH,True,98,float64,419,1,0.002381
2020-21,B365CAHA,True,99,float64,419,1,0.002381
2020-21,PCAHH,True,100,float64,420,0,0.000000
2020-21,PCAHA,True,101,float64,420,0,0.000000
2020-21,MaxCAHH,True,102,float64,420,0,0.000000
2020-21,MaxCAHA,True,103,float64,420,0,0.000000
2020-21,AvgCAHH,True,104,float64,420,0,0.000000
2020-21,AvgCAHA,True,105,float64,420,0,0.000000
2020-21,BFH,False,,,0,420,1.000000
2020-21,BFD,False,,,0,420,1.000000
2020-21,BFA,False,,,0,420,1.000000
2020-21,1XBH,False,,,0,420,1.000000
2020-21,1XBD,False,,,0,420,1.000000
2020-21,1XBA,False,,,0,420,1.000000
2020-21,BFEH,False,,,0,420,1.000000
2020-21,BFED,False,,,0,420,1.000000
2020-21,BFEA,False,,,0,420,1.000000
2020-21,BFE>2.5,False,,,0,420,1.000000
2020-21,BFE<2.5,False,,,0,420,1.000000
2020-21,BFEAHH,False,,,0,420,1.000000
2020-21,BFEAHA,False,,,0,420,1.000000
2020-21,BFCH,False,,,0,420,1.000000
2020-21,BFCD,False,,,0,420,1.000000
2020-21,BFCA,False,,,0,420,1.000000
2020-21,1XBCH,False,,,0,420,1.000000
2020-21,1XBCD,False,,,0,420,1.000000
2020-21,1XBCA,False,,,0,420,1.000000
2020-21,BFECH,False,,,0,420,1.000000
2020-21,BFECD,False,,,0,420,1.000000
2020-21,BFECA,False,,,0,420,1.000000
2020-21,BFEC>2.5,False,,,0,420,1.000000
2020-21,BFEC<2.5,False,,,0,420,1.000000
2020-21,BFECAHH,False,,,0,420,1.000000
2020-21,BFECAHA,False,,,0,420,1.000000
2020-21,BFDH,False,,,0,420,1.000000
2020-21,BFDD,False,,,0,420,1.000000
2020-21,BFDA,False,,,0,420,1.000000
2020-21,BMGMH,False,,,0,420,1.000000
2020-21,BMGMD,False,,,0,420,1.000000
2020-21,BMGMA,False,,,0,420,1.000000
2020-21,BVH,False,,,0,420,1.000000
2020-21,BVD,False,,,0,420,1.000000
2020-21,BVA,False,,,0,420,1.000000
2020-21,CLH,False,,,0,420,1.000000
2020-21,CLD,False,,,0,420,1.000000
2020-21,CLA,False,,,0,420,1.000000
2020-21,BFDCH,False,,,0,420,1.000000
2020-21,BFDCD,False,,,0,420,1.000000
2020-21,BFDCA,False,,,0,420,1.000000
2020-21,BMGMCH,False,,,0,420,1.000000
2020-21,BMGMCD,False,,,0,420,1.000000
2020-21,BMGMCA,False,,,0,420,1.000000
2020-21,BVCH,False,,,0,420,1.000000
2020-21,BVCD,False,,,0,420,1.000000
2020-21,BVCA,False,,,0,420,1.000000
2020-21,CLCH,False,,,0,420,1.000000
2020-21,CLCD,False,,,0,420,1.000000
2020-21,CLCA,False,,,0,420,1.000000
2020-21,LBCH,False,,,0,420,1.000000
2020-21,LBCD,False,,,0,420,1.000000
2020-21,LBCA,False,,,0,420,1.000000
2021-22,Div,True,1,str,380,0,0.000000
2021-22,Date,True,2,str,380,0,0.000000
2021-22,HomeTeam,True,4,str,380,0,0.000000
2021-22,AwayTeam,True,5,str,380,0,0.000000
2021-22,FTHG,True,6,int64,380,0,0.000000
2021-22,FTAG,True,7,int64,380,0,0.000000
2021-22,FTR,True,8,str,380,0,0.000000
2021-22,HTHG,True,9,int64,380,0,0.000000
2021-22,HTAG,True,10,int64,380,0,0.000000
2021-22,HTR,True,11,str,380,0,0.000000
2021-22,HS,True,12,int64,380,0,0.000000
2021-22,AS,True,13,int64,380,0,0.000000
2021-22,HST,True,14,int64,380,0,0.000000
2021-22,AST,True,15,int64,380,0,0.000000
2021-22,HF,True,16,int64,380,0,0.000000
2021-22,AF,True,17,int64,380,0,0.000000
2021-22,HC,True,18,int64,380,0,0.000000
2021-22,AC,True,19,int64,380,0,0.000000
2021-22,HY,True,20,int64,380,0,0.000000
2021-22,AY,True,21,int64,380,0,0.000000
2021-22,HR,True,22,int64,380,0,0.000000
2021-22,AR,True,23,int64,380,0,0.000000
2021-22,B365H,True,24,float64,380,0,0.000000
2021-22,B365D,True,25,float64,380,0,0.000000
2021-22,B365A,True,26,float64,380,0,0.000000
2021-22,BWH,True,27,float64,377,3,0.007895
2021-22,BWD,True,28,float64,377,3,0.007895
2021-22,BWA,True,29,float64,377,3,0.007895
2021-22,IWH,True,30,float64,377,3,0.007895
2021-22,IWD,True,31,float64,377,3,0.007895
2021-22,IWA,True,32,float64,377,3,0.007895
2021-22,LBH,False,,,0,380,1.000000
2021-22,LBD,False,,,0,380,1.000000
2021-22,LBA,False,,,0,380,1.000000
2021-22,PSH,True,33,float64,380,0,0.000000
2021-22,PSD,True,34,float64,380,0,0.000000
2021-22,PSA,True,35,float64,380,0,0.000000
2021-22,WHH,True,36,float64,380,0,0.000000
2021-22,WHD,True,37,float64,380,0,0.000000
2021-22,WHA,True,38,float64,380,0,0.000000
2021-22,VCH,True,39,float64,373,7,0.018421
2021-22,VCD,True,40,float64,373,7,0.018421
2021-22,VCA,True,41,float64,373,7,0.018421
2021-22,Bb1X2,False,,,0,380,1.000000
2021-22,BbMxH,False,,,0,380,1.000000
2021-22,BbAvH,False,,,0,380,1.000000
2021-22,BbMxD,False,,,0,380,1.000000
2021-22,BbAvD,False,,,0,380,1.000000
2021-22,BbMxA,False,,,0,380,1.000000
2021-22,BbAvA,False,,,0,380,1.000000
2021-22,BbOU,False,,,0,380,1.000000
2021-22,BbMx>2.5,False,,,0,380,1.000000
2021-22,BbAv>2.5,False,,,0,380,1.000000
2021-22,BbMx<2.5,False,,,0,380,1.000000
2021-22,BbAv<2.5,False,,,0,380,1.000000
2021-22,BbAH,False,,,0,380,1.000000
2021-22,BbAHh,False,,,0,380,1.000000
2021-22,BbMxAHH,False,,,0,380,1.000000
2021-22,BbAvAHH,False,,,0,380,1.000000
2021-22,BbMxAHA,False,,,0,380,1.000000
2021-22,BbAvAHA,False,,,0,380,1.000000
2021-22,PSCH,True,74,float64,379,1,0.002632
2021-22,PSCD,True,75,float64,379,1,0.002632
2021-22,PSCA,True,76,float64,379,1,0.002632
2021-22,Time,True,3,str,380,0,0.000000
2021-22,MaxH,True,42,float64,380,0,0.000000
2021-22,MaxD,True,43,float64,380,0,0.000000
2021-22,MaxA,True,44,float64,380,0,0.000000
2021-22,AvgH,True,45,float64,380,0,0.000000
2021-22,AvgD,True,46,float64,380,0,0.000000
2021-22,AvgA,True,47,float64,380,0,0.000000
2021-22,B365>2.5,True,48,float64,380,0,0.000000
2021-22,B365<2.5,True,49,float64,380,0,0.000000
2021-22,P>2.5,True,50,float64,380,0,0.000000
2021-22,P<2.5,True,51,float64,380,0,0.000000
2021-22,Max>2.5,True,52,float64,380,0,0.000000
2021-22,Max<2.5,True,53,float64,380,0,0.000000
2021-22,Avg>2.5,True,54,float64,380,0,0.000000
2021-22,Avg<2.5,True,55,float64,380,0,0.000000
2021-22,AHh,True,56,float64,380,0,0.000000
2021-22,B365AHH,True,57,float64,380,0,0.000000
2021-22,B365AHA,True,58,float64,380,0,0.000000
2021-22,PAHH,True,59,float64,380,0,0.000000
2021-22,PAHA,True,60,float64,380,0,0.000000
2021-22,MaxAHH,True,61,float64,380,0,0.000000
2021-22,MaxAHA,True,62,float64,380,0,0.000000
2021-22,AvgAHH,True,63,float64,380,0,0.000000
2021-22,AvgAHA,True,64,float64,380,0,0.000000
2021-22,B365CH,True,65,float64,380,0,0.000000
2021-22,B365CD,True,66,float64,380,0,0.000000
2021-22,B365CA,True,67,float64,380,0,0.000000
2021-22,BWCH,True,68,float64,378,2,0.005263
2021-22,BWCD,True,69,float64,378,2,0.005263
2021-22,BWCA,True,70,float64,378,2,0.005263
2021-22,IWCH,True,71,float64,376,4,0.010526
2021-22,IWCD,True,72,float64,376,4,0.010526
2021-22,IWCA,True,73,float64,376,4,0.010526
2021-22,WHCH,True,77,float64,380,0,0.000000
2021-22,WHCD,True,78,float64,380,0,0.000000
2021-22,WHCA,True,79,float64,380,0,0.000000
2021-22,VCCH,True,80,float64,377,3,0.007895
2021-22,VCCD,True,81,float64,377,3,0.007895
2021-22,VCCA,True,82,float64,377,3,0.007895
2021-22,MaxCH,True,83,float64,380,0,0.000000
2021-22,MaxCD,True,84,float64,380,0,0.000000
2021-22,MaxCA,True,85,float64,380,0,0.000000
2021-22,AvgCH,True,86,float64,380,0,0.000000
2021-22,AvgCD,True,87,float64,380,0,0.000000
2021-22,AvgCA,True,88,float64,380,0,0.000000
2021-22,B365C>2.5,True,89,float64,380,0,0.000000
2021-22,B365C<2.5,True,90,float64,380,0,0.000000
2021-22,PC>2.5,True,91,float64,379,1,0.002632
2021-22,PC<2.5,True,92,float64,379,1,0.002632
2021-22,MaxC>2.5,True,93,float64,380,0,0.000000
2021-22,MaxC<2.5,True,94,float64,380,0,0.000000
2021-22,AvgC>2.5,True,95,float64,380,0,0.000000
2021-22,AvgC<2.5,True,96,float64,380,0,0.000000
2021-22,AHCh,True,97,float64,380,0,0.000000
2021-22,B365CAHH,True,98,float64,380,0,0.000000
2021-22,B365CAHA,True,99,float64,380,0,0.000000
2021-22,PCAHH,True,100,float64,379,1,0.002632
2021-22,PCAHA,True,101,float64,379,1,0.002632
2021-22,MaxCAHH,True,102,float64,380,0,0.000000
2021-22,MaxCAHA,True,103,float64,380,0,0.000000
2021-22,AvgCAHH,True,104,float64,380,0,0.000000
2021-22,AvgCAHA,True,105,float64,380,0,0.000000
2021-22,BFH,False,,,0,380,1.000000
2021-22,BFD,False,,,0,380,1.000000
2021-22,BFA,False,,,0,380,1.000000
2021-22,1XBH,False,,,0,380,1.000000
2021-22,1XBD,False,,,0,380,1.000000
2021-22,1XBA,False,,,0,380,1.000000
2021-22,BFEH,False,,,0,380,1.000000
2021-22,BFED,False,,,0,380,1.000000
2021-22,BFEA,False,,,0,380,1.000000
2021-22,BFE>2.5,False,,,0,380,1.000000
2021-22,BFE<2.5,False,,,0,380,1.000000
2021-22,BFEAHH,False,,,0,380,1.000000
2021-22,BFEAHA,False,,,0,380,1.000000
2021-22,BFCH,False,,,0,380,1.000000
2021-22,BFCD,False,,,0,380,1.000000
2021-22,BFCA,False,,,0,380,1.000000
2021-22,1XBCH,False,,,0,380,1.000000
2021-22,1XBCD,False,,,0,380,1.000000
2021-22,1XBCA,False,,,0,380,1.000000
2021-22,BFECH,False,,,0,380,1.000000
2021-22,BFECD,False,,,0,380,1.000000
2021-22,BFECA,False,,,0,380,1.000000
2021-22,BFEC>2.5,False,,,0,380,1.000000
2021-22,BFEC<2.5,False,,,0,380,1.000000
2021-22,BFECAHH,False,,,0,380,1.000000
2021-22,BFECAHA,False,,,0,380,1.000000
2021-22,BFDH,False,,,0,380,1.000000
2021-22,BFDD,False,,,0,380,1.000000
2021-22,BFDA,False,,,0,380,1.000000
2021-22,BMGMH,False,,,0,380,1.000000
2021-22,BMGMD,False,,,0,380,1.000000
2021-22,BMGMA,False,,,0,380,1.000000
2021-22,BVH,False,,,0,380,1.000000
2021-22,BVD,False,,,0,380,1.000000
2021-22,BVA,False,,,0,380,1.000000
2021-22,CLH,False,,,0,380,1.000000
2021-22,CLD,False,,,0,380,1.000000
2021-22,CLA,False,,,0,380,1.000000
2021-22,BFDCH,False,,,0,380,1.000000
2021-22,BFDCD,False,,,0,380,1.000000
2021-22,BFDCA,False,,,0,380,1.000000
2021-22,BMGMCH,False,,,0,380,1.000000
2021-22,BMGMCD,False,,,0,380,1.000000
2021-22,BMGMCA,False,,,0,380,1.000000
2021-22,BVCH,False,,,0,380,1.000000
2021-22,BVCD,False,,,0,380,1.000000
2021-22,BVCA,False,,,0,380,1.000000
2021-22,CLCH,False,,,0,380,1.000000
2021-22,CLCD,False,,,0,380,1.000000
2021-22,CLCA,False,,,0,380,1.000000
2021-22,LBCH,False,,,0,380,1.000000
2021-22,LBCD,False,,,0,380,1.000000
2021-22,LBCA,False,,,0,380,1.000000
2022-23,Div,True,1,str,342,0,0.000000
2022-23,Date,True,2,str,342,0,0.000000
2022-23,HomeTeam,True,4,str,342,0,0.000000
2022-23,AwayTeam,True,5,str,342,0,0.000000
2022-23,FTHG,True,6,int64,342,0,0.000000
2022-23,FTAG,True,7,int64,342,0,0.000000
2022-23,FTR,True,8,str,342,0,0.000000
2022-23,HTHG,True,9,float64,313,29,0.084795
2022-23,HTAG,True,10,float64,313,29,0.084795
2022-23,HTR,True,11,str,313,29,0.084795
2022-23,HS,True,12,float64,313,29,0.084795
2022-23,AS,True,13,float64,313,29,0.084795
2022-23,HST,True,14,float64,313,29,0.084795
2022-23,AST,True,15,float64,313,29,0.084795
2022-23,HF,True,16,float64,313,29,0.084795
2022-23,AF,True,17,float64,313,29,0.084795
2022-23,HC,True,18,float64,313,29,0.084795
2022-23,AC,True,19,float64,313,29,0.084795
2022-23,HY,True,20,float64,313,29,0.084795
2022-23,AY,True,21,float64,313,29,0.084795
2022-23,HR,True,22,float64,313,29,0.084795
2022-23,AR,True,23,float64,313,29,0.084795
2022-23,B365H,True,24,float64,309,33,0.096491
2022-23,B365D,True,25,float64,309,33,0.096491
2022-23,B365A,True,26,float64,309,33,0.096491
2022-23,BWH,True,27,float64,313,29,0.084795
2022-23,BWD,True,28,float64,313,29,0.084795
2022-23,BWA,True,29,float64,313,29,0.084795
2022-23,IWH,True,30,float64,312,30,0.087719
2022-23,IWD,True,31,float64,312,30,0.087719
2022-23,IWA,True,32,float64,312,30,0.087719
2022-23,LBH,False,,,0,342,1.000000
2022-23,LBD,False,,,0,342,1.000000
2022-23,LBA,False,,,0,342,1.000000
2022-23,PSH,True,33,float64,313,29,0.084795
2022-23,PSD,True,34,float64,313,29,0.084795
2022-23,PSA,True,35,float64,313,29,0.084795
2022-23,WHH,True,36,float64,313,29,0.084795
2022-23,WHD,True,37,float64,313,29,0.084795
2022-23,WHA,True,38,float64,313,29,0.084795
2022-23,VCH,True,39,float64,304,38,0.111111
2022-23,VCD,True,40,float64,304,38,0.111111
2022-23,VCA,True,41,float64,304,38,0.111111
2022-23,Bb1X2,False,,,0,342,1.000000
2022-23,BbMxH,False,,,0,342,1.000000
2022-23,BbAvH,False,,,0,342,1.000000
2022-23,BbMxD,False,,,0,342,1.000000
2022-23,BbAvD,False,,,0,342,1.000000
2022-23,BbMxA,False,,,0,342,1.000000
2022-23,BbAvA,False,,,0,342,1.000000
2022-23,BbOU,False,,,0,342,1.000000
2022-23,BbMx>2.5,False,,,0,342,1.000000
2022-23,BbAv>2.5,False,,,0,342,1.000000
2022-23,BbMx<2.5,False,,,0,342,1.000000
2022-23,BbAv<2.5,False,,,0,342,1.000000
2022-23,BbAH,False,,,0,342,1.000000
2022-23,BbAHh,False,,,0,342,1.000000
2022-23,BbMxAHH,False,,,0,342,1.000000
2022-23,BbAvAHH,False,,,0,342,1.000000
2022-23,BbMxAHA,False,,,0,342,1.000000
2022-23,BbAvAHA,False,,,0,342,1.000000
2022-23,PSCH,True,74,float64,313,29,0.084795
2022-23,PSCD,True,75,float64,313,29,0.084795
2022-23,PSCA,True,76,float64,313,29,0.084795
2022-23,Time,True,3,str,342,0,0.000000
2022-23,MaxH,True,42,float64,313,29,0.084795
2022-23,MaxD,True,43,float64,313,29,0.084795
2022-23,MaxA,True,44,float64,313,29,0.084795
2022-23,AvgH,True,45,float64,313,29,0.084795
2022-23,AvgD,True,46,float64,313,29,0.084795
2022-23,AvgA,True,47,float64,313,29,0.084795
2022-23,B365>2.5,True,48,float64,309,33,0.096491
2022-23,B365<2.5,True,49,float64,309,33,0.096491
2022-23,P>2.5,True,50,float64,313,29,0.084795
2022-23,P<2.5,True,51,float64,313,29,0.084795
2022-23,Max>2.5,True,52,float64,313,29,0.084795
2022-23,Max<2.5,True,53,float64,313,29,0.084795
2022-23,Avg>2.5,True,54,float64,313,29,0.084795
2022-23,Avg<2.5,True,55,float64,313,29,0.084795
2022-23,AHh,True,56,float64,313,29,0.084795
2022-23,B365AHH,True,57,float64,306,36,0.105263
2022-23,B365AHA,True,58,float64,306,36,0.105263
2022-23,PAHH,True,59,float64,313,29,0.084795
2022-23,PAHA,True,60,float64,313,29,0.084795
2022-23,MaxAHH,True,61,float64,313,29,0.084795
2022-23,MaxAHA,True,62,float64,313,29,0.084795
2022-23,AvgAHH,True,63,float64,313,29,0.084795
2022-23,AvgAHA,True,64,float64,313,29,0.084795
2022-23,B365CH,True,65,float64,313,29,0.084795
2022-23,B365CD,True,66,float64,313,29,0.084795
2022-23,B365CA,True,67,float64,313,29,0.084795
2022-23,BWCH,True,68,float64,313,29,0.084795
2022-23,BWCD,True,69,float64,313,29,0.084795
2022-23,BWCA,True,70,float64,313,29,0.084795
2022-23,IWCH,True,71,float64,313,29,0.084795
2022-23,IWCD,True,72,float64,313,29,0.084795
2022-23,IWCA,True,73,float64,313,29,0.084795
2022-23,WHCH,True,77,float64,313,29,0.084795
2022-23,WHCD,True,78,float64,313,29,0.084795
2022-23,WHCA,True,79,float64,313,29,0.084795
2022-23,VCCH,True,80,float64,313,29,0.084795
2022-23,VCCD,True,81,float64,313,29,0.084795
2022-23,VCCA,True,82,float64,313,29,0.084795
2022-23,MaxCH,True,83,float64,313,29,0.084795
2022-23,MaxCD,True,84,float64,313,29,0.084795
2022-23,MaxCA,True,85,float64,313,29,0.084795
2022-23,AvgCH,True,86,float64,313,29,0.084795
2022-23,AvgCD,True,87,float64,313,29,0.084795
2022-23,AvgCA,True,88,float64,313,29,0.084795
2022-23,B365C>2.5,True,89,float64,313,29,0.084795
2022-23,B365C<2.5,True,90,float64,313,29,0.084795
2022-23,PC>2.5,True,91,float64,313,29,0.084795
2022-23,PC<2.5,True,92,float64,313,29,0.084795
2022-23,MaxC>2.5,True,93,float64,313,29,0.084795
2022-23,MaxC<2.5,True,94,float64,313,29,0.084795
2022-23,AvgC>2.5,True,95,float64,313,29,0.084795
2022-23,AvgC<2.5,True,96,float64,313,29,0.084795
2022-23,AHCh,True,97,float64,313,29,0.084795
2022-23,B365CAHH,True,98,float64,313,29,0.084795
2022-23,B365CAHA,True,99,float64,313,29,0.084795
2022-23,PCAHH,True,100,float64,313,29,0.084795
2022-23,PCAHA,True,101,float64,313,29,0.084795
2022-23,MaxCAHH,True,102,float64,313,29,0.084795
2022-23,MaxCAHA,True,103,float64,313,29,0.084795
2022-23,AvgCAHH,True,104,float64,313,29,0.084795
2022-23,AvgCAHA,True,105,float64,313,29,0.084795
2022-23,BFH,False,,,0,342,1.000000
2022-23,BFD,False,,,0,342,1.000000
2022-23,BFA,False,,,0,342,1.000000
2022-23,1XBH,False,,,0,342,1.000000
2022-23,1XBD,False,,,0,342,1.000000
2022-23,1XBA,False,,,0,342,1.000000
2022-23,BFEH,False,,,0,342,1.000000
2022-23,BFED,False,,,0,342,1.000000
2022-23,BFEA,False,,,0,342,1.000000
2022-23,BFE>2.5,False,,,0,342,1.000000
2022-23,BFE<2.5,False,,,0,342,1.000000
2022-23,BFEAHH,False,,,0,342,1.000000
2022-23,BFEAHA,False,,,0,342,1.000000
2022-23,BFCH,False,,,0,342,1.000000
2022-23,BFCD,False,,,0,342,1.000000
2022-23,BFCA,False,,,0,342,1.000000
2022-23,1XBCH,False,,,0,342,1.000000
2022-23,1XBCD,False,,,0,342,1.000000
2022-23,1XBCA,False,,,0,342,1.000000
2022-23,BFECH,False,,,0,342,1.000000
2022-23,BFECD,False,,,0,342,1.000000
2022-23,BFECA,False,,,0,342,1.000000
2022-23,BFEC>2.5,False,,,0,342,1.000000
2022-23,BFEC<2.5,False,,,0,342,1.000000
2022-23,BFECAHH,False,,,0,342,1.000000
2022-23,BFECAHA,False,,,0,342,1.000000
2022-23,BFDH,False,,,0,342,1.000000
2022-23,BFDD,False,,,0,342,1.000000
2022-23,BFDA,False,,,0,342,1.000000
2022-23,BMGMH,False,,,0,342,1.000000
2022-23,BMGMD,False,,,0,342,1.000000
2022-23,BMGMA,False,,,0,342,1.000000
2022-23,BVH,False,,,0,342,1.000000
2022-23,BVD,False,,,0,342,1.000000
2022-23,BVA,False,,,0,342,1.000000
2022-23,CLH,False,,,0,342,1.000000
2022-23,CLD,False,,,0,342,1.000000
2022-23,CLA,False,,,0,342,1.000000
2022-23,BFDCH,False,,,0,342,1.000000
2022-23,BFDCD,False,,,0,342,1.000000
2022-23,BFDCA,False,,,0,342,1.000000
2022-23,BMGMCH,False,,,0,342,1.000000
2022-23,BMGMCD,False,,,0,342,1.000000
2022-23,BMGMCA,False,,,0,342,1.000000
2022-23,BVCH,False,,,0,342,1.000000
2022-23,BVCD,False,,,0,342,1.000000
2022-23,BVCA,False,,,0,342,1.000000
2022-23,CLCH,False,,,0,342,1.000000
2022-23,CLCD,False,,,0,342,1.000000
2022-23,CLCA,False,,,0,342,1.000000
2022-23,LBCH,False,,,0,342,1.000000
2022-23,LBCD,False,,,0,342,1.000000
2022-23,LBCA,False,,,0,342,1.000000
2023-24,Div,True,1,str,380,0,0.000000
2023-24,Date,True,2,str,380,0,0.000000
2023-24,HomeTeam,True,4,str,380,0,0.000000
2023-24,AwayTeam,True,5,str,380,0,0.000000
2023-24,FTHG,True,6,int64,380,0,0.000000
2023-24,FTAG,True,7,int64,380,0,0.000000
2023-24,FTR,True,8,str,380,0,0.000000
2023-24,HTHG,True,9,float64,379,1,0.002632
2023-24,HTAG,True,10,float64,379,1,0.002632
2023-24,HTR,True,11,str,379,1,0.002632
2023-24,HS,True,12,float64,379,1,0.002632
2023-24,AS,True,13,float64,379,1,0.002632
2023-24,HST,True,14,float64,379,1,0.002632
2023-24,AST,True,15,float64,379,1,0.002632
2023-24,HF,True,16,float64,379,1,0.002632
2023-24,AF,True,17,float64,379,1,0.002632
2023-24,HC,True,18,float64,379,1,0.002632
2023-24,AC,True,19,float64,379,1,0.002632
2023-24,HY,True,20,float64,379,1,0.002632
2023-24,AY,True,21,float64,379,1,0.002632
2023-24,HR,True,22,float64,379,1,0.002632
2023-24,AR,True,23,float64,379,1,0.002632
2023-24,B365H,True,24,float64,379,1,0.002632
2023-24,B365D,True,25,float64,379,1,0.002632
2023-24,B365A,True,26,float64,379,1,0.002632
2023-24,BWH,True,27,float64,372,8,0.021053
2023-24,BWD,True,28,float64,372,8,0.021053
2023-24,BWA,True,29,float64,372,8,0.021053
2023-24,IWH,True,30,float64,169,211,0.555263
2023-24,IWD,True,31,float64,169,211,0.555263
2023-24,IWA,True,32,float64,169,211,0.555263
2023-24,LBH,False,,,0,380,1.000000
2023-24,LBD,False,,,0,380,1.000000
2023-24,LBA,False,,,0,380,1.000000
2023-24,PSH,True,33,float64,379,1,0.002632
2023-24,PSD,True,34,float64,379,1,0.002632
2023-24,PSA,True,35,float64,379,1,0.002632
2023-24,WHH,True,36,float64,379,1,0.002632
2023-24,WHD,True,37,float64,379,1,0.002632
2023-24,WHA,True,38,float64,379,1,0.002632
2023-24,VCH,True,39,float64,379,1,0.002632
2023-24,VCD,True,40,float64,379,1,0.002632
2023-24,VCA,True,41,float64,379,1,0.002632
2023-24,Bb1X2,False,,,0,380,1.000000
2023-24,BbMxH,False,,,0,380,1.000000
2023-24,BbAvH,False,,,0,380,1.000000
2023-24,BbMxD,False,,,0,380,1.000000
2023-24,BbAvD,False,,,0,380,1.000000
2023-24,BbMxA,False,,,0,380,1.000000
2023-24,BbAvA,False,,,0,380,1.000000
2023-24,BbOU,False,,,0,380,1.000000
2023-24,BbMx>2.5,False,,,0,380,1.000000
2023-24,BbAv>2.5,False,,,0,380,1.000000
2023-24,BbMx<2.5,False,,,0,380,1.000000
2023-24,BbAv<2.5,False,,,0,380,1.000000
2023-24,BbAH,False,,,0,380,1.000000
2023-24,BbAHh,False,,,0,380,1.000000
2023-24,BbMxAHH,False,,,0,380,1.000000
2023-24,BbAvAHH,False,,,0,380,1.000000
2023-24,BbMxAHA,False,,,0,380,1.000000
2023-24,BbAvAHA,False,,,0,380,1.000000
2023-24,PSCH,True,74,float64,380,0,0.000000
2023-24,PSCD,True,75,float64,380,0,0.000000
2023-24,PSCA,True,76,float64,380,0,0.000000
2023-24,Time,True,3,str,380,0,0.000000
2023-24,MaxH,True,42,float64,380,0,0.000000
2023-24,MaxD,True,43,float64,380,0,0.000000
2023-24,MaxA,True,44,float64,380,0,0.000000
2023-24,AvgH,True,45,float64,380,0,0.000000
2023-24,AvgD,True,46,float64,380,0,0.000000
2023-24,AvgA,True,47,float64,380,0,0.000000
2023-24,B365>2.5,True,48,float64,379,1,0.002632
2023-24,B365<2.5,True,49,float64,379,1,0.002632
2023-24,P>2.5,True,50,float64,380,0,0.000000
2023-24,P<2.5,True,51,float64,380,0,0.000000
2023-24,Max>2.5,True,52,float64,380,0,0.000000
2023-24,Max<2.5,True,53,float64,380,0,0.000000
2023-24,Avg>2.5,True,54,float64,380,0,0.000000
2023-24,Avg<2.5,True,55,float64,380,0,0.000000
2023-24,AHh,True,56,float64,380,0,0.000000
2023-24,B365AHH,True,57,float64,372,8,0.021053
2023-24,B365AHA,True,58,float64,372,8,0.021053
2023-24,PAHH,True,59,float64,380,0,0.000000
2023-24,PAHA,True,60,float64,380,0,0.000000
2023-24,MaxAHH,True,61,float64,380,0,0.000000
2023-24,MaxAHA,True,62,float64,380,0,0.000000
2023-24,AvgAHH,True,63,float64,380,0,0.000000
2023-24,AvgAHA,True,64,float64,380,0,0.000000
2023-24,B365CH,True,65,float64,380,0,0.000000
2023-24,B365CD,True,66,float64,380,0,0.000000
2023-24,B365CA,True,67,float64,380,0,0.000000
2023-24,BWCH,True,68,float64,372,8,0.021053
2023-24,BWCD,True,69,float64,372,8,0.021053
2023-24,BWCA,True,70,float64,372,8,0.021053
2023-24,IWCH,True,71,float64,170,210,0.552632
2023-24,IWCD,True,72,float64,170,210,0.552632
2023-24,IWCA,True,73,float64,170,210,0.552632
2023-24,WHCH,True,77,float64,380,0,0.000000
2023-24,WHCD,True,78,float64,380,0,0.000000
2023-24,WHCA,True,79,float64,380,0,0.000000
2023-24,VCCH,True,80,float64,380,0,0.000000
2023-24,VCCD,True,81,float64,380,0,0.000000
2023-24,VCCA,True,82,float64,380,0,0.000000
2023-24,MaxCH,True,83,float64,380,0,0.000000
2023-24,MaxCD,True,84,float64,380,0,0.000000
2023-24,MaxCA,True,85,float64,380,0,0.000000
2023-24,AvgCH,True,86,float64,380,0,0.000000
2023-24,AvgCD,True,87,float64,380,0,0.000000
2023-24,AvgCA,True,88,float64,380,0,0.000000
2023-24,B365C>2.5,True,89,float64,380,0,0.000000
2023-24,B365C<2.5,True,90,float64,380,0,0.000000
2023-24,PC>2.5,True,91,float64,380,0,0.000000
2023-24,PC<2.5,True,92,float64,380,0,0.000000
2023-24,MaxC>2.5,True,93,float64,380,0,0.000000
2023-24,MaxC<2.5,True,94,float64,380,0,0.000000
2023-24,AvgC>2.5,True,95,float64,380,0,0.000000
2023-24,AvgC<2.5,True,96,float64,380,0,0.000000
2023-24,AHCh,True,97,float64,380,0,0.000000
2023-24,B365CAHH,True,98,float64,380,0,0.000000
2023-24,B365CAHA,True,99,float64,380,0,0.000000
2023-24,PCAHH,True,100,float64,380,0,0.000000
2023-24,PCAHA,True,101,float64,380,0,0.000000
2023-24,MaxCAHH,True,102,float64,380,0,0.000000
2023-24,MaxCAHA,True,103,float64,380,0,0.000000
2023-24,AvgCAHH,True,104,float64,380,0,0.000000
2023-24,AvgCAHA,True,105,float64,380,0,0.000000
2023-24,BFH,False,,,0,380,1.000000
2023-24,BFD,False,,,0,380,1.000000
2023-24,BFA,False,,,0,380,1.000000
2023-24,1XBH,False,,,0,380,1.000000
2023-24,1XBD,False,,,0,380,1.000000
2023-24,1XBA,False,,,0,380,1.000000
2023-24,BFEH,False,,,0,380,1.000000
2023-24,BFED,False,,,0,380,1.000000
2023-24,BFEA,False,,,0,380,1.000000
2023-24,BFE>2.5,False,,,0,380,1.000000
2023-24,BFE<2.5,False,,,0,380,1.000000
2023-24,BFEAHH,False,,,0,380,1.000000
2023-24,BFEAHA,False,,,0,380,1.000000
2023-24,BFCH,False,,,0,380,1.000000
2023-24,BFCD,False,,,0,380,1.000000
2023-24,BFCA,False,,,0,380,1.000000
2023-24,1XBCH,False,,,0,380,1.000000
2023-24,1XBCD,False,,,0,380,1.000000
2023-24,1XBCA,False,,,0,380,1.000000
2023-24,BFECH,False,,,0,380,1.000000
2023-24,BFECD,False,,,0,380,1.000000
2023-24,BFECA,False,,,0,380,1.000000
2023-24,BFEC>2.5,False,,,0,380,1.000000
2023-24,BFEC<2.5,False,,,0,380,1.000000
2023-24,BFECAHH,False,,,0,380,1.000000
2023-24,BFECAHA,False,,,0,380,1.000000
2023-24,BFDH,False,,,0,380,1.000000
2023-24,BFDD,False,,,0,380,1.000000
2023-24,BFDA,False,,,0,380,1.000000
2023-24,BMGMH,False,,,0,380,1.000000
2023-24,BMGMD,False,,,0,380,1.000000
2023-24,BMGMA,False,,,0,380,1.000000
2023-24,BVH,False,,,0,380,1.000000
2023-24,BVD,False,,,0,380,1.000000
2023-24,BVA,False,,,0,380,1.000000
2023-24,CLH,False,,,0,380,1.000000
2023-24,CLD,False,,,0,380,1.000000
2023-24,CLA,False,,,0,380,1.000000
2023-24,BFDCH,False,,,0,380,1.000000
2023-24,BFDCD,False,,,0,380,1.000000
2023-24,BFDCA,False,,,0,380,1.000000
2023-24,BMGMCH,False,,,0,380,1.000000
2023-24,BMGMCD,False,,,0,380,1.000000
2023-24,BMGMCA,False,,,0,380,1.000000
2023-24,BVCH,False,,,0,380,1.000000
2023-24,BVCD,False,,,0,380,1.000000
2023-24,BVCA,False,,,0,380,1.000000
2023-24,CLCH,False,,,0,380,1.000000
2023-24,CLCD,False,,,0,380,1.000000
2023-24,CLCA,False,,,0,380,1.000000
2023-24,LBCH,False,,,0,380,1.000000
2023-24,LBCD,False,,,0,380,1.000000
2023-24,LBCA,False,,,0,380,1.000000
2024-25,Div,True,1,str,342,0,0.000000
2024-25,Date,True,2,str,342,0,0.000000
2024-25,HomeTeam,True,4,str,342,0,0.000000
2024-25,AwayTeam,True,5,str,342,0,0.000000
2024-25,FTHG,True,6,int64,342,0,0.000000
2024-25,FTAG,True,7,int64,342,0,0.000000
2024-25,FTR,True,8,str,342,0,0.000000
2024-25,HTHG,True,9,float64,341,1,0.002924
2024-25,HTAG,True,10,float64,341,1,0.002924
2024-25,HTR,True,11,str,341,1,0.002924
2024-25,HS,True,12,float64,341,1,0.002924
2024-25,AS,True,13,float64,341,1,0.002924
2024-25,HST,True,14,float64,341,1,0.002924
2024-25,AST,True,15,float64,341,1,0.002924
2024-25,HF,True,16,float64,341,1,0.002924
2024-25,AF,True,17,float64,341,1,0.002924
2024-25,HC,True,18,float64,341,1,0.002924
2024-25,AC,True,19,float64,341,1,0.002924
2024-25,HY,True,20,float64,341,1,0.002924
2024-25,AY,True,21,float64,341,1,0.002924
2024-25,HR,True,22,float64,341,1,0.002924
2024-25,AR,True,23,float64,341,1,0.002924
2024-25,B365H,True,24,float64,342,0,0.000000
2024-25,B365D,True,25,float64,342,0,0.000000
2024-25,B365A,True,26,float64,342,0,0.000000
2024-25,BWH,True,27,float64,207,135,0.394737
2024-25,BWD,True,28,float64,207,135,0.394737
2024-25,BWA,True,29,float64,207,135,0.394737
2024-25,IWH,False,,,0,342,1.000000
2024-25,IWD,False,,,0,342,1.000000
2024-25,IWA,False,,,0,342,1.000000
2024-25,LBH,False,,,0,342,1.000000
2024-25,LBD,False,,,0,342,1.000000
2024-25,LBA,False,,,0,342,1.000000
2024-25,PSH,True,33,float64,340,2,0.005848
2024-25,PSD,True,34,float64,340,2,0.005848
2024-25,PSA,True,35,float64,340,2,0.005848
2024-25,WHH,True,36,float64,252,90,0.263158
2024-25,WHD,True,37,float64,252,90,0.263158
2024-25,WHA,True,38,float64,252,90,0.263158
2024-25,VCH,False,,,0,342,1.000000
2024-25,VCD,False,,,0,342,1.000000
2024-25,VCA,False,,,0,342,1.000000
2024-25,Bb1X2,False,,,0,342,1.000000
2024-25,BbMxH,False,,,0,342,1.000000
2024-25,BbAvH,False,,,0,342,1.000000
2024-25,BbMxD,False,,,0,342,1.000000
2024-25,BbAvD,False,,,0,342,1.000000
2024-25,BbMxA,False,,,0,342,1.000000
2024-25,BbAvA,False,,,0,342,1.000000
2024-25,BbOU,False,,,0,342,1.000000
2024-25,BbMx>2.5,False,,,0,342,1.000000
2024-25,BbAv>2.5,False,,,0,342,1.000000
2024-25,BbMx<2.5,False,,,0,342,1.000000
2024-25,BbAv<2.5,False,,,0,342,1.000000
2024-25,BbAH,False,,,0,342,1.000000
2024-25,BbAHh,False,,,0,342,1.000000
2024-25,BbMxAHH,False,,,0,342,1.000000
2024-25,BbAvAHH,False,,,0,342,1.000000
2024-25,BbMxAHA,False,,,0,342,1.000000
2024-25,BbAvAHA,False,,,0,342,1.000000
2024-25,PSCH,True,81,float64,342,0,0.000000
2024-25,PSCD,True,82,float64,342,0,0.000000
2024-25,PSCA,True,83,float64,342,0,0.000000
2024-25,Time,True,3,str,342,0,0.000000
2024-25,MaxH,True,42,float64,342,0,0.000000
2024-25,MaxD,True,43,float64,342,0,0.000000
2024-25,MaxA,True,44,float64,342,0,0.000000
2024-25,AvgH,True,45,float64,342,0,0.000000
2024-25,AvgD,True,46,float64,342,0,0.000000
2024-25,AvgA,True,47,float64,342,0,0.000000
2024-25,B365>2.5,True,51,float64,342,0,0.000000
2024-25,B365<2.5,True,52,float64,342,0,0.000000
2024-25,P>2.5,True,53,float64,340,2,0.005848
2024-25,P<2.5,True,54,float64,340,2,0.005848
2024-25,Max>2.5,True,55,float64,342,0,0.000000
2024-25,Max<2.5,True,56,float64,342,0,0.000000
2024-25,Avg>2.5,True,57,float64,342,0,0.000000
2024-25,Avg<2.5,True,58,float64,342,0,0.000000
2024-25,AHh,True,61,float64,342,0,0.000000
2024-25,B365AHH,True,62,float64,333,9,0.026316
2024-25,B365AHA,True,63,float64,333,9,0.026316
2024-25,PAHH,True,64,float64,342,0,0.000000
2024-25,PAHA,True,65,float64,342,0,0.000000
2024-25,MaxAHH,True,66,float64,342,0,0.000000
2024-25,MaxAHA,True,67,float64,342,0,0.000000
2024-25,AvgAHH,True,68,float64,342,0,0.000000
2024-25,AvgAHA,True,69,float64,342,0,0.000000
2024-25,B365CH,True,72,float64,342,0,0.000000
2024-25,B365CD,True,73,float64,342,0,0.000000
2024-25,B365CA,True,74,float64,342,0,0.000000
2024-25,BWCH,True,75,float64,205,137,0.400585
2024-25,BWCD,True,76,float64,205,137,0.400585
2024-25,BWCA,True,77,float64,205,137,0.400585
2024-25,IWCH,False,,,0,342,1.000000
2024-25,IWCD,False,,,0,342,1.000000
2024-25,IWCA,False,,,0,342,1.000000
2024-25,WHCH,True,84,float64,252,90,0.263158
2024-25,WHCD,True,85,float64,252,90,0.263158
2024-25,WHCA,True,86,float64,252,90,0.263158
2024-25,VCCH,False,,,0,342,1.000000
2024-25,VCCD,False,,,0,342,1.000000
2024-25,VCCA,False,,,0,342,1.000000
2024-25,MaxCH,True,90,float64,342,0,0.000000
2024-25,MaxCD,True,91,float64,342,0,0.000000
2024-25,MaxCA,True,92,float64,342,0,0.000000
2024-25,AvgCH,True,93,float64,342,0,0.000000
2024-25,AvgCD,True,94,float64,342,0,0.000000
2024-25,AvgCA,True,95,float64,342,0,0.000000
2024-25,B365C>2.5,True,99,float64,342,0,0.000000
2024-25,B365C<2.5,True,100,float64,342,0,0.000000
2024-25,PC>2.5,True,101,float64,342,0,0.000000
2024-25,PC<2.5,True,102,float64,342,0,0.000000
2024-25,MaxC>2.5,True,103,float64,342,0,0.000000
2024-25,MaxC<2.5,True,104,float64,342,0,0.000000
2024-25,AvgC>2.5,True,105,float64,342,0,0.000000
2024-25,AvgC<2.5,True,106,float64,342,0,0.000000
2024-25,AHCh,True,109,float64,342,0,0.000000
2024-25,B365CAHH,True,110,float64,342,0,0.000000
2024-25,B365CAHA,True,111,float64,342,0,0.000000
2024-25,PCAHH,True,112,float64,342,0,0.000000
2024-25,PCAHA,True,113,float64,342,0,0.000000
2024-25,MaxCAHH,True,114,float64,342,0,0.000000
2024-25,MaxCAHA,True,115,float64,342,0,0.000000
2024-25,AvgCAHH,True,116,float64,342,0,0.000000
2024-25,AvgCAHA,True,117,float64,342,0,0.000000
2024-25,BFH,True,30,float64,342,0,0.000000
2024-25,BFD,True,31,float64,342,0,0.000000
2024-25,BFA,True,32,float64,342,0,0.000000
2024-25,1XBH,True,39,float64,333,9,0.026316
2024-25,1XBD,True,40,float64,333,9,0.026316
2024-25,1XBA,True,41,float64,333,9,0.026316
2024-25,BFEH,True,48,float64,341,1,0.002924
2024-25,BFED,True,49,float64,341,1,0.002924
2024-25,BFEA,True,50,float64,341,1,0.002924
2024-25,BFE>2.5,True,59,float64,293,49,0.143275
2024-25,BFE<2.5,True,60,float64,293,49,0.143275
2024-25,BFEAHH,True,70,float64,189,153,0.447368
2024-25,BFEAHA,True,71,float64,189,153,0.447368
2024-25,BFCH,True,78,float64,342,0,0.000000
2024-25,BFCD,True,79,float64,342,0,0.000000
2024-25,BFCA,True,80,float64,342,0,0.000000
2024-25,1XBCH,True,87,float64,342,0,0.000000
2024-25,1XBCD,True,88,float64,342,0,0.000000
2024-25,1XBCA,True,89,float64,342,0,0.000000
2024-25,BFECH,True,96,float64,342,0,0.000000
2024-25,BFECD,True,97,float64,342,0,0.000000
2024-25,BFECA,True,98,float64,342,0,0.000000
2024-25,BFEC>2.5,True,107,float64,342,0,0.000000
2024-25,BFEC<2.5,True,108,float64,342,0,0.000000
2024-25,BFECAHH,True,118,float64,342,0,0.000000
2024-25,BFECAHA,True,119,float64,342,0,0.000000
2024-25,BFDH,False,,,0,342,1.000000
2024-25,BFDD,False,,,0,342,1.000000
2024-25,BFDA,False,,,0,342,1.000000
2024-25,BMGMH,False,,,0,342,1.000000
2024-25,BMGMD,False,,,0,342,1.000000
2024-25,BMGMA,False,,,0,342,1.000000
2024-25,BVH,False,,,0,342,1.000000
2024-25,BVD,False,,,0,342,1.000000
2024-25,BVA,False,,,0,342,1.000000
2024-25,CLH,False,,,0,342,1.000000
2024-25,CLD,False,,,0,342,1.000000
2024-25,CLA,False,,,0,342,1.000000
2024-25,BFDCH,False,,,0,342,1.000000
2024-25,BFDCD,False,,,0,342,1.000000
2024-25,BFDCA,False,,,0,342,1.000000
2024-25,BMGMCH,False,,,0,342,1.000000
2024-25,BMGMCD,False,,,0,342,1.000000
2024-25,BMGMCA,False,,,0,342,1.000000
2024-25,BVCH,False,,,0,342,1.000000
2024-25,BVCD,False,,,0,342,1.000000
2024-25,BVCA,False,,,0,342,1.000000
2024-25,CLCH,False,,,0,342,1.000000
2024-25,CLCD,False,,,0,342,1.000000
2024-25,CLCA,False,,,0,342,1.000000
2024-25,LBCH,False,,,0,342,1.000000
2024-25,LBCD,False,,,0,342,1.000000
2024-25,LBCA,False,,,0,342,1.000000
2025-26,Div,True,1,str,306,0,0.000000
2025-26,Date,True,2,str,306,0,0.000000
2025-26,HomeTeam,True,4,str,306,0,0.000000
2025-26,AwayTeam,True,5,str,306,0,0.000000
2025-26,FTHG,True,6,int64,306,0,0.000000
2025-26,FTAG,True,7,int64,306,0,0.000000
2025-26,FTR,True,8,str,306,0,0.000000
2025-26,HTHG,True,9,int64,306,0,0.000000
2025-26,HTAG,True,10,int64,306,0,0.000000
2025-26,HTR,True,11,str,306,0,0.000000
2025-26,HS,True,12,int64,306,0,0.000000
2025-26,AS,True,13,int64,306,0,0.000000
2025-26,HST,True,14,int64,306,0,0.000000
2025-26,AST,True,15,int64,306,0,0.000000
2025-26,HF,True,16,int64,306,0,0.000000
2025-26,AF,True,17,int64,306,0,0.000000
2025-26,HC,True,18,int64,306,0,0.000000
2025-26,AC,True,19,int64,306,0,0.000000
2025-26,HY,True,20,int64,306,0,0.000000
2025-26,AY,True,21,int64,306,0,0.000000
2025-26,HR,True,22,int64,306,0,0.000000
2025-26,AR,True,23,int64,306,0,0.000000
2025-26,B365H,True,24,float64,306,0,0.000000
2025-26,B365D,True,25,float64,306,0,0.000000
2025-26,B365A,True,26,float64,306,0,0.000000
2025-26,BWH,True,36,float64,306,0,0.000000
2025-26,BWD,True,37,float64,306,0,0.000000
2025-26,BWA,True,38,float64,306,0,0.000000
2025-26,IWH,False,,,0,306,1.000000
2025-26,IWD,False,,,0,306,1.000000
2025-26,IWA,False,,,0,306,1.000000
2025-26,LBH,True,42,float64,219,87,0.284314
2025-26,LBD,True,43,float64,219,87,0.284314
2025-26,LBA,True,44,float64,219,87,0.284314
2025-26,PSH,True,45,float64,132,174,0.568627
2025-26,PSD,True,46,float64,132,174,0.568627
2025-26,PSA,True,47,float64,132,174,0.568627
2025-26,WHH,False,,,0,306,1.000000
2025-26,WHD,False,,,0,306,1.000000
2025-26,WHA,False,,,0,306,1.000000
2025-26,VCH,False,,,0,306,1.000000
2025-26,VCD,False,,,0,306,1.000000
2025-26,VCA,False,,,0,306,1.000000
2025-26,Bb1X2,False,,,0,306,1.000000
2025-26,BbMxH,False,,,0,306,1.000000
2025-26,BbAvH,False,,,0,306,1.000000
2025-26,BbMxD,False,,,0,306,1.000000
2025-26,BbAvD,False,,,0,306,1.000000
2025-26,BbMxA,False,,,0,306,1.000000
2025-26,BbAvA,False,,,0,306,1.000000
2025-26,BbOU,False,,,0,306,1.000000
2025-26,BbMx>2.5,False,,,0,306,1.000000
2025-26,BbAv>2.5,False,,,0,306,1.000000
2025-26,BbMx<2.5,False,,,0,306,1.000000
2025-26,BbAv<2.5,False,,,0,306,1.000000
2025-26,BbAH,False,,,0,306,1.000000
2025-26,BbAHh,False,,,0,306,1.000000
2025-26,BbMxAHH,False,,,0,306,1.000000
2025-26,BbAvAHH,False,,,0,306,1.000000
2025-26,BbMxAHA,False,,,0,306,1.000000
2025-26,BbAvAHA,False,,,0,306,1.000000
2025-26,PSCH,True,99,float64,135,171,0.558824
2025-26,PSCD,True,100,float64,135,171,0.558824
2025-26,PSCA,True,101,float64,135,171,0.558824
2025-26,Time,True,3,str,306,0,0.000000
2025-26,MaxH,True,48,float64,306,0,0.000000
2025-26,MaxD,True,49,float64,306,0,0.000000
2025-26,MaxA,True,50,float64,306,0,0.000000
2025-26,AvgH,True,51,float64,306,0,0.000000
2025-26,AvgD,True,52,float64,306,0,0.000000
2025-26,AvgA,True,53,float64,306,0,0.000000
2025-26,B365>2.5,True,57,float64,306,0,0.000000
2025-26,B365<2.5,True,58,float64,306,0,0.000000
2025-26,P>2.5,True,59,float64,133,173,0.565359
2025-26,P<2.5,True,60,float64,133,173,0.565359
2025-26,Max>2.5,True,61,float64,306,0,0.000000
2025-26,Max<2.5,True,62,float64,306,0,0.000000
2025-26,Avg>2.5,True,63,float64,306,0,0.000000
2025-26,Avg<2.5,True,64,float64,306,0,0.000000
2025-26,AHh,True,67,float64,306,0,0.000000
2025-26,B365AHH,True,68,float64,306,0,0.000000
2025-26,B365AHA,True,69,float64,306,0,0.000000
2025-26,PAHH,True,70,float64,133,173,0.565359
2025-26,PAHA,True,71,float64,133,173,0.565359
2025-26,MaxAHH,True,72,float64,306,0,0.000000
2025-26,MaxAHA,True,73,float64,306,0,0.000000
2025-26,AvgAHH,True,74,float64,306,0,0.000000
2025-26,AvgAHA,True,75,float64,306,0,0.000000
2025-26,B365CH,True,78,float64,306,0,0.000000
2025-26,B365CD,True,79,float64,306,0,0.000000
2025-26,B365CA,True,80,float64,306,0,0.000000
2025-26,BWCH,True,90,float64,306,0,0.000000
2025-26,BWCD,True,91,float64,306,0,0.000000
2025-26,BWCA,True,92,float64,306,0,0.000000
2025-26,IWCH,False,,,0,306,1.000000
2025-26,IWCD,False,,,0,306,1.000000
2025-26,IWCA,False,,,0,306,1.000000
2025-26,WHCH,False,,,0,306,1.000000
2025-26,WHCD,False,,,0,306,1.000000
2025-26,WHCA,False,,,0,306,1.000000
2025-26,VCCH,False,,,0,306,1.000000
2025-26,VCCD,False,,,0,306,1.000000
2025-26,VCCA,False,,,0,306,1.000000
2025-26,MaxCH,True,102,float64,306,0,0.000000
2025-26,MaxCD,True,103,float64,306,0,0.000000
2025-26,MaxCA,True,104,float64,306,0,0.000000
2025-26,AvgCH,True,105,float64,306,0,0.000000
2025-26,AvgCD,True,106,float64,306,0,0.000000
2025-26,AvgCA,True,107,float64,306,0,0.000000
2025-26,B365C>2.5,True,111,float64,306,0,0.000000
2025-26,B365C<2.5,True,112,float64,306,0,0.000000
2025-26,PC>2.5,True,113,float64,135,171,0.558824
2025-26,PC<2.5,True,114,float64,135,171,0.558824
2025-26,MaxC>2.5,True,115,float64,306,0,0.000000
2025-26,MaxC<2.5,True,116,float64,306,0,0.000000
2025-26,AvgC>2.5,True,117,float64,306,0,0.000000
2025-26,AvgC<2.5,True,118,float64,306,0,0.000000
2025-26,AHCh,True,121,float64,305,1,0.003268
2025-26,B365CAHH,True,122,float64,306,0,0.000000
2025-26,B365CAHA,True,123,float64,306,0,0.000000
2025-26,PCAHH,True,124,float64,135,171,0.558824
2025-26,PCAHA,True,125,float64,135,171,0.558824
2025-26,MaxCAHH,True,126,float64,306,0,0.000000
2025-26,MaxCAHA,True,127,float64,306,0,0.000000
2025-26,AvgCAHH,True,128,float64,306,0,0.000000
2025-26,AvgCAHA,True,129,float64,306,0,0.000000
2025-26,BFH,False,,,0,306,1.000000
2025-26,BFD,False,,,0,306,1.000000
2025-26,BFA,False,,,0,306,1.000000
2025-26,1XBH,False,,,0,306,1.000000
2025-26,1XBD,False,,,0,306,1.000000
2025-26,1XBA,False,,,0,306,1.000000
2025-26,BFEH,True,54,float64,288,18,0.058824
2025-26,BFED,True,55,float64,288,18,0.058824
2025-26,BFEA,True,56,float64,288,18,0.058824
2025-26,BFE>2.5,True,65,float64,250,56,0.183007
2025-26,BFE<2.5,True,66,float64,250,56,0.183007
2025-26,BFEAHH,True,76,float64,165,141,0.460784
2025-26,BFEAHA,True,77,float64,165,141,0.460784
2025-26,BFCH,False,,,0,306,1.000000
2025-26,BFCD,False,,,0,306,1.000000
2025-26,BFCA,False,,,0,306,1.000000
2025-26,1XBCH,False,,,0,306,1.000000
2025-26,1XBCD,False,,,0,306,1.000000
2025-26,1XBCA,False,,,0,306,1.000000
2025-26,BFECH,True,108,float64,287,19,0.062092
2025-26,BFECD,True,109,float64,287,19,0.062092
2025-26,BFECA,True,110,float64,287,19,0.062092
2025-26,BFEC>2.5,True,119,float64,287,19,0.062092
2025-26,BFEC<2.5,True,120,float64,287,19,0.062092
2025-26,BFECAHH,True,130,float64,287,19,0.062092
2025-26,BFECAHA,True,131,float64,287,19,0.062092
2025-26,BFDH,True,27,float64,305,1,0.003268
2025-26,BFDD,True,28,float64,305,1,0.003268
2025-26,BFDA,True,29,float64,306,0,0.000000
2025-26,BMGMH,True,30,float64,304,2,0.006536
2025-26,BMGMD,True,31,float64,304,2,0.006536
2025-26,BMGMA,True,32,float64,304,2,0.006536
2025-26,BVH,True,33,float64,287,19,0.062092
2025-26,BVD,True,34,float64,287,19,0.062092
2025-26,BVA,True,35,float64,287,19,0.062092
2025-26,CLH,True,39,float64,211,95,0.310458
2025-26,CLD,True,40,float64,211,95,0.310458
2025-26,CLA,True,41,float64,211,95,0.310458
2025-26,BFDCH,True,81,float64,303,3,0.009804
2025-26,BFDCD,True,82,float64,303,3,0.009804
2025-26,BFDCA,True,83,float64,303,3,0.009804
2025-26,BMGMCH,True,84,float64,306,0,0.000000
2025-26,BMGMCD,True,85,float64,306,0,0.000000
2025-26,BMGMCA,True,86,float64,306,0,0.000000
2025-26,BVCH,True,87,float64,303,3,0.009804
2025-26,BVCD,True,88,float64,303,3,0.009804
2025-26,BVCA,True,89,float64,303,3,0.009804
2025-26,CLCH,True,93,float64,213,93,0.303922
2025-26,CLCD,True,94,float64,213,93,0.303922
2025-26,CLCA,True,95,float64,213,93,0.303922
2025-26,LBCH,True,96,float64,221,85,0.277778
2025-26,LBCD,True,97,float64,221,85,0.277778
2025-26,LBCA,True,98,float64,221,85,0.277778
